1.3524829600778967;0.0515445813994082;0.9194417037963388;5706012;261188.73428618378;0.9760499977918028;0
4.666666666666667;0.42857142857142855;2.7070781876691623e-05;167;76.7634559672906;0.7784431137724551;1
2.142857142857143;0.4857142857142857;6.767695469172905e-05;420;181.118795026618;0.8095238095238095;2
2.0;0.5306122448979592;6.316515771228045e-05;392;180.36143571373725;0.7602040816326531;3
2.0;1.0;2.9004409153598167e-06;14;8.035533905932738;0.6428571428571429;10
13.0;0.811965811965812;1.8852865949838808e-05;117;58.48528137423857;0.5470085470085471;19
12.0;1.0;7.734509107626178e-06;46;24.242640687119284;0.5434782608695652;23
5.333333333333333;0.484375;3.093803643050471e-05;188;107.97056274847714;0.7659574468085106;25
4.0;0.34375;4.125071524067295e-05;256;121.18376618407356;0.828125;29
2.5833333333333335;0.23655913978494625;5.9942445584102875e-05;372;135.56244584051393;0.8897849462365591;42
1.4;0.15714285714285714;9.023593958897208e-05;560;148.94112549695427;0.9321428571428572;55
2.0;0.18888888888888888;7.251102288399541e-05;449;133.0416305603426;0.9309576837416481;81
1.434782608695652;0.18181818181818182;0.00012230192526433892;758;188.39087296526012;0.9221635883905013;130
1.0434782608695652;0.17753623188405798;8.894685473770104e-05;551;149.976659402887;0.9328493647912885;131
4.0;0.46875;1.0312678810168237e-05;64;37.82842712474619;0.84375;143
8.0;0.53125;5.156339405084119e-06;25;16.207106781186546;0.72;145
7.857142857142857;0.2779220779220779;6.20372084674183e-05;384;179.94112549695427;0.8776041666666666;149
1.5348837209302326;0.0711768851303735;0.00045730285098839773;2838;387.6579002700189;0.9714587737843552;152
4.0;0.453125;1.0312678810168237e-05;61;35.86396103067893;0.819672131147541;158
2.466666666666667;0.07657657657657657;0.0003577210462277107;2220;361.44469683442253;0.9675675675675676;163
1.4210526315789473;0.21442495126705652;8.266256608775477e-05;510;146.84062043356596;0.8980392156862745;165
1.5263157894736843;0.17422867513611615;8.878571913129216e-05;548;162.698484809835;0.9215328467153284;173
1.0;0.2734839476813318;0.00013551504498986698;841;218.29646455628165;0.8882282996432818;176
1.7121212121212122;0.11779297398766425;0.00480699741038967;29832;3519.813634160595;0.9498189863234111;198
1.5;0.1646090534979424;7.831190471471505e-05;485;136.14823227814082;0.931958762886598;200
1.0333333333333334;0.25053763440860216;0.0001498561139602572;930;239.81727983645297;0.8924731182795699;207
1.0;0.2644444444444444;0.00014502204576799082;900;243.57463914933368;0.8944444444444445;208
1.6176470588235294;0.07112299465240642;0.0003013235839846032;1868;280.19595949289334;0.971627408993576;214
1.3;0.23846153846153847;2.094762883315423e-05;130;53.86396103067892;0.9230769230769231;220
1.5384615384615385;0.22692307692307692;4.189525766630846e-05;259;95.04163056034261;0.9034749034749034;221
1.0344827586206897;0.27241379310344827;0.00014018797757572448;870;233.6812408671319;0.8724137931034482;222
1.0;0.26555555555555554;0.00014502204576799082;900;252.13098833543773;0.88;223
1.0;0.26555555555555554;0.00014502204576799082;900;236.9177848998413;0.8911111111111111;224
1.0;0.27;0.00014502204576799082;900;243.4030662740799;0.8855555555555555;225
1.8571428571428572;0.2967032967032967;1.4663340183207961e-05;91;47.10660171779821;0.8791208791208791;234
1.3;0.19230769230769232;2.094762883315423e-05;129;52.89949493661167;0.9302325581395349;243
2.1818181818181817;0.07533670033670034;0.0003828582008274958;2375;361.373629022557;0.9658947368421053;244
1.0344827586206897;0.2689655172413793;0.00014018797757572448;870;224.0893577750951;0.8850574712643678;245
1.0344827586206897;0.267816091954023;0.00014018797757572448;870;228.95331880577405;0.8793103448275862;246
1.0344827586206897;0.2747126436781609;0.00014018797757572448;870;221.29646455628165;0.8885057471264368;247
1.0689655172413792;0.26473859844271413;0.00014486091016158194;899;244.23149339882605;0.8909899888765295;248
1.627906976744186;0.06212624584717608;0.0004850181752907249;3010;386.79393923934003;0.9780730897009967;266
1.0344827586206897;0.271264367816092;0.00014018797757572448;870;231.57463914933368;0.8804597701149425;267
1.0344827586206897;0.267816091954023;0.00014018797757572448;870;203.46803743153546;0.8793103448275862;268
1.0;0.2588888888888889;0.00014502204576799082;900;241.13098833543773;0.8866666666666667;269
1.0;0.2633333333333333;0.00014502204576799082;900;232.36753236814712;0.8888888888888888;270
1.0344827586206897;0.26436781609195403;0.00014018797757572448;870;229.78174593052023;0.8850574712643678;271
1.0344827586206897;0.26091954022988506;0.00014018797757572448;870;234.05992052357226;0.8747126436781609;296
1.0344827586206897;0.2689655172413793;0.00014018797757572448;870;230.81727983645294;0.8758620689655172;298
1.0344827586206897;0.26666666666666666;0.00014018797757572448;870;233.98885271170676;0.8839080459770114;299
1.0689655172413792;0.26028921023359286;0.00014486091016158194;899;237.40306627407986;0.8743047830923248;300
1.0344827586206897;0.26091954022988506;0.00014018797757572448;870;227.5035713374682;0.8724137931034482;301
2.230769230769231;0.5490716180371353;6.074812361614727e-05;377;147.91168824543144;0.7374005305039788;315
2.1538461538461537;0.5439560439560439;5.8653360732831846e-05;364;156.84671708797583;0.7774725274725275;316
1.3;0.25384615384615383;2.094762883315423e-05;128;56.935028842544405;0.9296875;332
2.1052631578947367;0.07105263157894737;0.00012246306087074782;760;156.94112549695427;0.9618421052631579;333
1.4411764705882353;0.19327731092436976;0.0002684519202771919;1666;360.7289680818844;0.921968787515006;343
1.0178571428571428;0.09335839598997493;0.0005143448556571409;3191;437.6639969244288;0.9611407082419304;345
1.0;0.272294887039239;0.00013551504498986698;841;222.84671708797583;0.8656361474435196;352
1.0;0.2794292508917955;0.00013551504498986698;841;223.40306627407986;0.8727705112960761;353
1.0344827586206897;0.27241379310344827;0.00014018797757572448;870;215.95331880577405;0.8735632183908046;356
1.0344827586206897;0.27011494252873564;0.00014018797757572448;870;218.26093065034894;0.8804597701149425;357
1.0;0.272294887039239;0.00013551504498986698;841;204.5685424949238;0.8727705112960761;358
1.0;0.2806183115338882;0.00013551504498986698;841;217.98885271170676;0.8799048751486326;359
1.5;1.0;3.867254553813089e-06;20;10.242640687119284;0.6;361
2.142857142857143;0.29523809523809524;1.6919238672932263e-05;104;52.520815280171306;0.8942307692307693;383
1.3448275862068966;0.15760389036251105;0.0007289774833937672;4524;759.6122650963196;0.9314765694076039;390
1.0344827586206897;0.2735632183908046;0.00014018797757572448;870;221.64570696119915;0.8747126436781609;394
1.0;0.2644444444444444;0.00014502204576799082;900;232.4386001800126;0.8755555555555555;396
1.0;0.2688888888888889;0.00014502204576799082;900;248.23149339882607;0.8733333333333333;397
1.0344827586206897;0.2689655172413793;0.00014018797757572448;870;211.78174593052023;0.871264367816092;398
1.0344827586206897;0.27011494252873564;0.00014018797757572448;870;219.67514421272202;0.8988505747126436;399
2.433333333333333;0.08127853881278539;0.00035288697803544436;2189;339.3025612106915;0.9689355870260393;429
2.5;0.6416666666666667;5.8008818307196334e-05;359;144.32590180780454;0.6935933147632312;430
2.1538461538461537;0.7032967032967034;5.8653360732831846e-05;364;146.84671708797583;0.739010989010989;431
1.875;0.5333333333333333;7.734509107626178e-05;480;212.46803743153546;0.73125;434
1.8666666666666667;0.4;6.767695469172905e-05;420;176.6040764008565;0.8238095238095238;435
2.0714285714285716;0.5763546798029556;6.542105620200476e-05;406;161.39696961967;0.7586206896551724;437
1.8;0.6;7.251102288399542e-06;45;26.82842712474619;0.7555555555555555;438
2.25;0.43209876543209874;5.22079364764767e-05;324;129.8050865276332;0.8148148148148148;442
2.0;0.6215277777777778;4.640705464575707e-05;288;136.94722215136414;0.7118055555555556;444
2.0;0.5972222222222222;4.640705464575707e-05;288;131.84062043356596;0.7118055555555556;445
2.0;0.5868055555555556;4.640705464575707e-05;288;132.42640687119285;0.7395833333333334;446
2.0;0.6033057851239669;3.8994816750948645e-05;242;95.31980515339464;0.7892561983471075;447
2.5;0.5972222222222222;5.8008818307196334e-05;360;149.9827560572969;0.7277777777777777;448
2.3076923076923075;0.6153846153846154;6.28428864994627e-05;390;153.42640687119285;0.7769230769230769;449
2.0;0.6215277777777778;4.640705464575707e-05;288;136.94722215136414;0.7118055555555556;450
1.6923076923076923;0.6573426573426573;4.608478343293931e-05;286;139.94112549695427;0.6888111888111889;451
1.7692307692307692;0.6387959866220736;4.8179546316254734e-05;297;140.49747468305833;0.7205387205387206;453
2.0;0.625;4.640705464575707e-05;288;113.63351365237939;0.7430555555555556;454
2.090909090909091;0.5296442687747036;4.076730842144631e-05;252;98.97665940288701;0.7817460317460317;456
1.0;0.2734839476813318;0.00013551504498986698;841;209.19595949289334;0.8763376932223543;467
1.0;0.2806183115338882;0.00013551504498986698;841;205.36753236814712;0.8787158145065398;468
1.0;0.27705112960760997;0.00013551504498986698;841;207.67514421272202;0.8846611177170036;469
1.0689655172413792;0.26028921023359286;0.00014486091016158194;899;251.6812408671319;0.8776418242491657;470
1.0;0.272294887039239;0.00013551504498986698;841;212.33199846221441;0.8703923900118906;471
1.0;0.2806183115338882;0.00013551504498986698;841;220.26702730475878;0.8751486325802615;472
1.6666666666666667;0.6166666666666667;9.668136384532722e-06;59;35.48528137423857;0.7796610169491526;506
1.0909090909090908;0.24242424242424243;2.126990004597199e-05;131;60.31370849898477;0.9083969465648855;507
2.4444444444444446;0.10606060606060606;3.1904850068957986e-05;197;76.5208152801713;0.9593908629441624;508
1.0344827586206897;0.2689655172413793;0.00014018797757572448;870;231.29646455628165;0.8896551724137931;520
1.0;0.26;0.00014502204576799082;900;216.43250352560273;0.8877777777777778;522
1.0;0.2633333333333333;0.00014502204576799082;900;231.16042558696057;0.8633333333333333;523
1.0;0.2633333333333333;0.00014502204576799082;900;242.53910524340094;0.8766666666666667;524
1.0344827586206897;0.2655172413793103;0.00014018797757572448;870;204.675144212722;0.8919540229885058;525
1.0344827586206897;0.27011494252873564;0.00014018797757572448;870;225.29646455628165;0.8896551724137931;526
1.8918918918918919;0.07606177606177607;0.00041734122059899583;2590;385.75840533340727;0.9687258687258687;559
2.0;1.0;1.2890848512710297e-06;6;4.414213562373095;0.8333333333333334;560
2.230769230769231;0.5384615384615384;6.074812361614727e-05;372;147.94722215136414;0.782258064516129;561
1.3333333333333333;1.0;1.9336272769065445e-06;9;3.0;0.6666666666666666;562
2.4166666666666665;0.5689655172413793;5.6075191030289786e-05;345;129.8050865276332;0.7188405797101449;563
2.25;0.4537037037037037;5.22079364764767e-05;324;149.6335136523794;0.8117283950617284;564
2.0;0.6157024793388429;3.8994816750948645e-05;239;80.04163056034261;0.6861924686192469;565
1.6923076923076923;0.6433566433566433;4.608478343293931e-05;286;132.18376618407356;0.6993006993006993;567
1.6923076923076923;0.48951048951048953;4.608478343293931e-05;286;125.63351365237939;0.7797202797202797;568
1.6923076923076923;0.48951048951048953;4.608478343293931e-05;286;117.2193000900063;0.7517482517482518;569
1.6923076923076923;0.541958041958042;4.608478343293931e-05;286;122.08326112068524;0.7517482517482518;570
2.0;0.44214876033057854;3.8994816750948645e-05;241;85.90559159102155;0.7842323651452282;571
1.6923076923076923;0.6398601398601399;4.608478343293931e-05;284;116.56244584051392;0.7535211267605634;574
2.0;0.6239669421487604;3.8994816750948645e-05;241;98.52691193458118;0.7053941908713693;575
1.6923076923076923;0.48951048951048953;4.608478343293931e-05;286;109.59797974644667;0.7692307692307693;577
1.6923076923076923;0.6293706293706294;4.608478343293931e-05;286;137.91168824543144;0.7622377622377622;578
1.375;0.6363636363636364;5.6719733455925305e-05;351;163.01828996322962;0.717948717948718;579
3.6666666666666665;0.7196969696969697;2.126990004597199e-05;128;63.520815280171306;0.5859375;583
1.0344827586206897;0.2597701149425287;0.00014018797757572448;870;230.53910524340094;0.8793103448275862;585
1.0;0.2644444444444444;0.00014502204576799082;900;239.0893577750951;0.9033333333333333;586
1.0;0.272294887039239;0.00013551504498986698;841;215.71067811865476;0.8810939357907254;587
1.0344827586206897;0.2632183908045977;0.00014018797757572448;870;210.01828996322962;0.8908045977011494;588
1.0689655172413792;0.26140155728587317;0.00014486091016158194;899;240.98885271170678;0.8887652947719689;589
1.0344827586206897;0.28620689655172415;0.00014018797757572448;870;230.36753236814712;0.8839080459770114;590
1.0344827586206897;0.26436781609195403;0.00014018797757572448;870;229.5035713374682;0.8793103448275862;592
1.0;0.2699167657550535;0.00013551504498986698;841;226.57463914933368;0.882282996432818;593
1.75;0.42063492063492064;4.060617281503743e-05;252;110.11269837220809;0.8134920634920635;594
1.75;0.49206349206349204;4.060617281503743e-05;250;111.94112549695427;0.808;595
2.142857142857143;0.2857142857142857;1.6919238672932263e-05;105;52.485281374238575;0.9047619047619048;642
2.3;0.11413043478260869;0.0005929790315846737;3679;595.1614716074871;0.9459092144604512;643
1.0344827586206897;0.2735632183908046;0.00014018797757572448;870;232.61017305526642;0.8735632183908046;646
1.0;0.27705112960760997;0.00013551504498986698;841;218.94722215136417;0.8763376932223543;647
1.0344827586206897;0.26666666666666666;0.00014018797757572448;870;227.2670273047588;0.8839080459770114;648
1.0344827586206897;0.271264367816092;0.00014018797757572448;870;211.19595949289334;0.8816091954022989;649
1.0689655172413792;0.26473859844271413;0.00014486091016158194;899;236.7462120245875;0.8754171301446051;650
1.0344827586206897;0.27011494252873564;0.00014018797757572448;870;231.23149339882607;0.8816091954022989;651
1.0;0.27586206896551724;0.00013551504498986698;841;210.81727983645297;0.8834720570749108;652
1.1875;0.09539473684210527;4.898522434829913e-05;304;86.21320343559643;0.9769736842105263;674
2.8461538461538463;0.07640332640332641;0.0003100249067306826;1922;327.3675323681471;0.9646201873048907;675
2.142857142857143;0.5595238095238095;6.767695469172905e-05;420;174.60407640085654;0.7785714285714286;676
2.230769230769231;0.5915119363395226;6.074812361614727e-05;377;171.81118318204307;0.713527851458886;677
2.0714285714285716;0.49014778325123154;6.542105620200476e-05;406;165.01828996322965;0.7807881773399015;678
2.3076923076923075;0.5487179487179488;6.28428864994627e-05;390;163.4619407771256;0.7564102564102564;679
4.0;0.5255102040816326;3.158257885614022e-05;184;75.9350288425444;0.7010869565217391;680
2.230769230769231;0.6021220159151194;6.074812361614727e-05;377;166.70458146424488;0.7320954907161804;681
1.3333333333333333;1.0;1.9336272769065445e-06;9;5.0;0.7777777777777778;682
1.3333333333333333;1.0;1.9336272769065445e-06;11;4.207106781186548;0.6363636363636364;683
2.5;0.5916666666666667;5.8008818307196334e-05;360;144.2193000900063;0.7138888888888889;684
5.6;0.22142857142857142;2.255898489724302e-05;133;61.89949493661166;0.9473684210526315;685
1.8;0.4691358024691358;6.525992059559587e-05;405;175.36143571373725;0.8024691358024691;687
2.076923076923077;0.4131054131054131;5.6558597849516423e-05;337;125.87005768508881;0.8130563798219584;690
2.5;0.5722222222222222;5.8008818307196334e-05;359;142.91168824543144;0.7186629526462396;695
2.0;0.6388888888888888;4.640705464575707e-05;288;135.76955262170046;0.7361111111111112;696
2.0;0.49586776859504134;3.8994816750948645e-05;240;98.24873734152916;0.8208333333333333;697
1.6923076923076923;0.7062937062937062;4.608478343293931e-05;285;130.73401871576772;0.6807017543859649;698
2.0;0.5590277777777778;4.640705464575707e-05;288;126.29036790187179;0.7465277777777778;700
2.0;0.5451388888888888;4.640705464575707e-05;288;134.0477272147525;0.7708333333333334;701
1.0344827586206897;0.267816091954023;0.00014018797757572448;870;230.98885271170676;0.8862068965517241;703
1.0344827586206897;0.27586206896551724;0.00014018797757572448;870;216.81727983645297;0.8827586206896552;704
1.0344827586206897;0.27241379310344827;0.00014018797757572448;870;226.64570696119915;0.8724137931034482;705
1.0;0.2644444444444444;0.00014502204576799082;900;247.13098833543773;0.8877777777777778;706
1.0;0.2677777777777778;0.00014502204576799082;900;221.78174593052023;0.8766666666666667;707
1.0344827586206897;0.267816091954023;0.00014018797757572448;870;237.08935777509512;0.8873563218390804;708
1.0344827586206897;0.2747126436781609;0.00014018797757572448;870;228.26093065034894;0.8666666666666667;709
1.0344827586206897;0.27241379310344827;0.00014018797757572448;870;243.36753236814712;0.8770114942528736;710
1.6666666666666667;0.5;3.867254553813089e-05;237;104.69848480983498;0.810126582278481;728
1.6666666666666667;0.5;3.867254553813089e-05;238;106.97056274847715;0.7394957983193278;730
1.5909090909090908;0.15714285714285714;0.0001240744169348366;760;191.74011537017762;0.9368421052631579;761
2.0;1.0;2.9004409153598167e-06;12;7.414213562373095;0.6666666666666666;762
2.6666666666666665;0.17447916666666666;6.187607286100942e-05;384;129.5269119345812;0.9296875;765
1.4848484848484849;0.17068645640074212;0.0002605562755631569;1617;362.79393923934;0.9226963512677798;774
1.0344827586206897;0.2689655172413793;0.00014018797757572448;870;238.40306627407986;0.8793103448275862;775
1.0;0.272294887039239;0.00013551504498986698;841;207.2609306503489;0.8715814506539834;776
1.0344827586206897;0.27011494252873564;0.00014018797757572448;870;222.98885271170678;0.8827586206896552;777
1.0344827586206897;0.2689655172413793;0.00014018797757572448;870;217.84671708797583;0.8770114942528736;778
1.0;0.267538644470868;0.00013551504498986698;841;201.22539674441617;0.89179548156956;779
1.0;0.2746730083234245;0.00013551504498986698;841;227.64570696119915;0.8834720570749108;780
1.0344827586206897;0.26436781609195403;0.00014018797757572448;870;215.5035713374682;0.8873563218390804;816
1.0344827586206897;0.267816091954023;0.00014018797757572448;870;224.8528137423857;0.871264367816092;817
1.0;0.2611111111111111;0.00014502204576799082;900;231.53910524340094;0.8877777777777778;818
1.0;0.26;0.00014502204576799082;900;238.19595949289334;0.8977777777777778;819
1.0333333333333334;0.2537634408602151;0.0001498561139602572;930;240.095454429505;0.8924731182795699;820
1.0344827586206897;0.26436781609195403;0.00014018797757572448;870;220.7462120245875;0.8781609195402299;821
1.6338028169014085;0.15832928606119476;0.001327112854383525;8236;1319.8630944789018;0.9277561923263721;822
1.0;0.26222222222222225;0.00014502204576799082;900;251.47413408594537;0.88;823
2.5;0.35555555555555557;1.4502204576799084e-05;90;46.03553390593274;0.8666666666666667;857
1.0;0.27111111111111114;0.00014502204576799082;900;233.71677477306463;0.8788888888888889;858
1.0344827586206897;0.27241379310344827;0.00014018797757572448;870;237.78174593052023;0.8735632183908046;859
1.0;0.2644444444444444;0.00014502204576799082;900;236.30256121069155;0.8822222222222222;860
1.0;0.2677777777777778;0.00014502204576799082;900;235.9177848998413;0.8877777777777778;861
1.0333333333333334;0.25806451612903225;0.0001498561139602572;930;252.8528137423857;0.8774193548387097;862
1.0344827586206897;0.2689655172413793;0.00014018797757572448;870;230.47413408594537;0.8793103448275862;863
1.0344827586206897;0.2747126436781609;0.00014018797757572448;870;237.88834764831844;0.8816091954022989;864
1.0;0.2644444444444444;0.00014502204576799082;900;236.71067811865476;0.8855555555555555;865
3.0;0.37333333333333335;1.2085170480665902e-05;73;37.86396103067892;0.7945205479452054;876
3.1666666666666665;0.09758771929824561;0.00029391134608979473;1823;353.33809511662423;0.9555677454744926;907
1.2105263157894737;0.35926773455377575;7.041626000067999e-05;437;176.74011537017762;0.8443935926773455;908
1.25;0.75;3.222712128177574e-06;17;10.621320343559642;0.8235294117647058;909
3.3043478260869565;0.08524027459954234;0.00028166504000271995;1746;309.23149339882605;0.9679266895761741;912
1.0689655172413792;0.26585094549499444;0.00014486091016158194;899;230.95331880577402;0.882091212458287;913
1.0344827586206897;0.26436781609195403;0.00014018797757572448;870;224.71677477306463;0.8758620689655172;914
1.0344827586206897;0.27011494252873564;0.00014018797757572448;870;227.9177848998413;0.8770114942528736;915
1.0;0.27586206896551724;0.00013551504498986698;841;209.95331880577405;0.8799048751486326;916
1.0344827586206897;0.267816091954023;0.00014018797757572448;870;224.7462120245875;0.8781609195402299;917
1.0689655172413792;0.26696329254727474;0.00014486091016158194;899;233.40306627407986;0.8909899888765295;918
1.0;0.2746730083234245;0.00013551504498986698;841;219.18986283848346;0.8941736028537456;919
1.0;0.28299643281807374;0.00013551504498986698;841;208.40306627407986;0.8810939357907254;920
1.0;0.2746730083234245;0.00013551504498986698;841;212.36753236814712;0.8549346016646849;921
1.1578947368421053;0.3014354066985646;6.735468347891129e-05;417;139.39087296526012;0.86810551558753;922
1.1428571428571428;0.43452380952380953;8.121234563007486e-05;504;221.19595949289334;0.8015873015873016;958
1.4736842105263157;0.39285714285714285;8.572414260952347e-05;532;189.88225099390854;0.8120300751879699;961
1.0606060606060606;0.22424242424242424;0.0001861116254022549;1155;296.7878425849301;0.8900432900432901;971
1.0344827586206897;0.2689655172413793;0.00014018797757572448;870;248.4030662740799;0.8850574712643678;972
1.0;0.26;0.00014502204576799082;900;228.1604255869606;0.8811111111111111;974
1.0;0.2633333333333333;0.00014502204576799082;900;238.5035713374682;0.8833333333333333;975
1.0;0.2633333333333333;0.00014502204576799082;900;227.88834764831842;0.8788888888888889;976
1.452054794520548;0.1608942879296976;0.0012468673223919033;7737;1258.129075763134;0.9259402869329197;977
1.0344827586206897;0.267816091954023;0.00014018797757572448;870;228.8528137423857;0.8655172413793103;979
1.0689655172413792;0.26028921023359286;0.00014486091016158194;899;231.8528137423857;0.882091212458287;1050
1.0;0.2699167657550535;0.00013551504498986698;841;222.95331880577405;0.8787158145065398;1051
1.0344827586206897;0.26436781609195403;0.00014018797757572448;870;239.71067811865476;0.8735632183908046;1052
1.0;0.2794292508917955;0.00013551504498986698;841;222.23149339882605;0.8858501783590963;1053
1.0344827586206897;0.2620689655172414;0.00014018797757572448;870;202.22539674441617;0.8908045977011494;1054
1.0689655172413792;0.26028921023359286;0.00014486091016158194;899;236.12489168102783;0.8854282536151279;1055
1.0344827586206897;0.2597701149425287;0.00014018797757572448;870;222.9177848998413;0.8908045977011494;1056
1.0344827586206897;0.2632183908045977;0.00014018797757572448;870;241.6101730552664;0.8758620689655172;1057
1.0;0.2699167657550535;0.00013551504498986698;841;219.91778489984128;0.8799048751486326;1058
1.0344827586206897;0.2632183908045977;0.00014018797757572448;870;216.74621202458746;0.8873563218390804;1059
2.125;0.009871954625531733;0.030000871743630673;186183;3624.2703448350876;0.9953594044569053;1061
5.0;0.4;3.222712128177574e-06;19;15.414213562373096;0.7894736842105263;1123
2.5;0.34444444444444444;1.4502204576799084e-05;90;49.65685424949238;0.8666666666666667;1126
1.8735632183908046;0.12693039983075946;0.002285064034484309;14180;1977.3210306426702;0.9442172073342736;1129
16.0;0.21875;1.0312678810168237e-05;63;56.621320343559645;0.8888888888888888;1131
1.0344827586206897;0.2735632183908046;0.00014018797757572448;870;208.0538238691624;0.8839080459770114;1139
1.0;0.27586206896551724;0.00013551504498986698;841;221.36753236814712;0.8751486325802615;1140
1.0344827586206897;0.2793103448275862;0.00014018797757572448;870;235.02438661763952;0.8747126436781609;1142
1.0344827586206897;0.271264367816092;0.00014018797757572448;870;212.16042558696057;0.8816091954022989;1143
1.0;0.2806183115338882;0.00013551504498986698;841;206.61017305526642;0.8668252080856124;1144
1.0;0.2734839476813318;0.00013551504498986698;841;207.98885271170678;0.882282996432818;1145
1.0344827586206897;0.267816091954023;0.00014018797757572448;870;230.43860018001263;0.8839080459770114;1146
2.5;0.34444444444444444;1.4502204576799084e-05;90;47.86396103067893;0.8555555555555555;1180
1.0;0.26666666666666666;0.00014502204576799082;900;233.78174593052023;0.8755555555555555;1192
1.0344827586206897;0.267816091954023;0.00014018797757572448;870;207.81727983645297;0.8735632183908046;1193
1.0;0.2633333333333333;0.00014502204576799082;900;240.78174593052023;0.8844444444444445;1194
1.0;0.27111111111111114;0.00014502204576799082;900;232.1959594928933;0.8833333333333333;1195
1.0344827586206897;0.267816091954023;0.00014018797757572448;870;220.4386001800126;0.8724137931034482;1196
1.0;0.26555555555555554;0.00014502204576799082;900;242.1604255869606;0.8955555555555555;1198
1.0;0.2633333333333333;0.00014502204576799082;900;246.71067811865476;0.8788888888888889;1199
4.333333333333333;0.28205128205128205;6.2842886499462696e-06;39;25.035533905932738;0.8717948717948718;1239
3.85;0.10064935064935066;0.0002481488338696732;1539;315.4741340859453;0.9538661468486029;1244
1.0263157894736843;0.0883940620782726;0.00023880296869795823;1482;310.2375900532359;0.9534412955465587;1255
1.0344827586206897;0.27241379310344827;0.00014018797757572448;870;223.5035713374682;0.8931034482758621;1257
1.0344827586206897;0.2735632183908046;0.00014018797757572448;870;224.3319984622144;0.8758620689655172;1258
1.0344827586206897;0.27241379310344827;0.00014018797757572448;870;229.71067811865476;0.8804597701149425;1259
1.0344827586206897;0.2735632183908046;0.00014018797757572448;870;217.43250352560273;0.8701149425287357;1260
1.0;0.27586206896551724;0.00013551504498986698;841;209.12489168102783;0.8727705112960761;1261
1.0;0.27705112960760997;0.00013551504498986698;841;232.19595949289334;0.8787158145065398;1262
1.0;0.27705112960760997;0.00013551504498986698;841;233.19595949289334;0.8894173602853745;1263
1.9333333333333333;0.43448275862068964;7.009398878786224e-05;435;163.7401153701776;0.7839080459770115;1286
2.1538461538461537;0.18406593406593408;5.8653360732831846e-05;364;136.04772721475248;0.8983516483516484;1296
4.0;0.5153061224489796;3.158257885614022e-05;196;88.89949493661166;0.8061224489795918;1297
1.6470588235294117;0.46638655462184875;7.670054865062627e-05;474;179.8761543394987;0.8059071729957806;1298
2.1538461538461537;0.7197802197802198;5.8653360732831846e-05;362;158.36143571373725;0.6850828729281768;1299
4.588235294117647;0.11764705882352941;0.00021366581409817316;1326;325.6101730552664;0.9419306184012066;1315
4.25;0.4117647058823529;1.0957221235803752e-05;66;38.65685424949238;0.8787878787878788;1322
2.212121212121212;0.06434205064342051;0.00038817567583898877;2408;354.8528137423857;0.9717607973421927;1334
1.0;0.2633333333333333;0.00014502204576799082;900;250.3380951166243;0.8988888888888888;1343
1.0;0.27111111111111114;0.00014502204576799082;900;233.57463914933368;0.8788888888888889;1345
1.0344827586206897;0.26436781609195403;0.00014018797757572448;870;225.0893577750951;0.8919540229885058;1346
1.0344827586206897;0.2689655172413793;0.00014018797757572448;870;209.12489168102786;0.8931034482758621;1347
1.0344827586206897;0.27011494252873564;0.00014018797757572448;870;218.81727983645294;0.8873563218390804;1348
1.0;0.2688888888888889;0.00014502204576799082;900;240.98885271170676;0.8733333333333333;1350
4.285714285714286;0.12857142857142856;3.383847734586453e-05;210;87.38477631085024;0.9285714285714286;1363
2.2857142857142856;0.2767857142857143;1.8047187917794415e-05;111;55.31370849898477;0.9009009009009009;1390
1.4130434782608696;0.07190635451505016;0.0004817954631625473;2987;365.6518036156091;0.970873786407767;1408
1.0;0.2688888888888889;0.00014502204576799082;900;237.1604255869606;0.8833333333333333;1426
1.0;0.2688888888888889;0.00014502204576799082;900;240.30256121069152;0.8822222222222222;1429
1.0;0.2611111111111111;0.00014502204576799082;900;235.57463914933365;0.8944444444444445;1430
1.0344827586206897;0.271264367816092;0.00014018797757572448;870;224.78174593052023;0.8862068965517241;1433
3.75;0.4666666666666667;9.668136384532722e-06;59;34.44974746830583;0.8135593220338984;1478
1.6666666666666667;0.24444444444444444;2.1753306865198626e-05;134;62.76345596729059;0.8731343283582089;1491
1.0740740740740742;0.06800766283524905;0.0005046767192726081;3131;366.0304832720494;0.9734908974768445;1548
1.1;0.15568181818181817;0.0002835986672796265;1760;349.2375900532359;0.9335227272727272;1552
1.0344827586206897;0.2689655172413793;0.00014018797757572448;870;217.12489168102786;0.8919540229885058;1556
2.5;0.525;6.445424256355148e-06;38;27.86396103067893;0.7631578947368421;1557
4.529411764705882;0.11917494270435447;0.0002109265087892222;1305;302.02438661763955;0.9494252873563218;1586
2.2857142857142856;0.13392857142857142;1.8047187917794415e-05;112;52.07106781186547;0.9642857142857143;1591
1.0909090909090908;0.24242424242424243;2.126990004597199e-05;130;55.72792206135785;0.8923076923076924;1623
1.0;0.26666666666666666;0.00014502204576799082;900;249.47413408594537;0.8766666666666667;1630
1.0;0.2588888888888889;0.00014502204576799082;900;244.16042558696057;0.8777777777777778;1633
1.0344827586206897;0.27241379310344827;0.00014018797757572448;870;226.9177848998413;0.8666666666666667;1634
1.1666666666666667;0.40476190476190477;6.767695469172906e-06;40;24.242640687119284;0.85;1679
1.0;0.2746730083234245;0.00013551504498986698;841;210.46803743153546;0.8727705112960761;1692
1.0;0.27110582639714625;0.00013551504498986698;841;204.26093065034894;0.8858501783590963;1693
1.0689655172413792;0.25806451612903225;0.00014486091016158194;899;237.57463914933368;0.8909899888765295;1694
1.5555555555555556;0.25396825396825395;2.0303086407518715e-05;125;55.520815280171306;0.928;1707
1.4736842105263157;0.5413533834586466;8.572414260952347e-05;530;190.6335136523794;0.7471698113207547;1722
1.5555555555555556;0.24603174603174602;2.0303086407518715e-05;125;55.72792206135786;0.896;1727
1.0344827586206897;0.26436781609195403;0.00014018797757572448;870;217.7462120245875;0.8781609195402299;1735
1.0344827586206897;0.267816091954023;0.00014018797757572448;870;209.95331880577402;0.8827586206896552;1736
1.0;0.26;0.00014502204576799082;900;239.05992052357226;0.8855555555555555;1737
1.0;0.2588888888888889;0.00014502204576799082;900;223.3319984622144;0.8988888888888888;1738
3.066666666666667;0.1391304347826087;0.0001111835684221263;690;181.18986283848344;0.936231884057971;1739
4.0;0.3333333333333333;5.8008818307196334e-06;34;22.621320343559642;0.8235294117647058;1765
2.746268656716418;0.1765898767034393;0.0019864797558086567;12328;2137.670273047588;0.9198572355613238;1771
3.75;0.5;9.668136384532722e-06;60;30.035533905932738;0.7833333333333333;1775
1.0344827586206897;0.27241379310344827;0.00014018797757572448;870;231.36753236814712;0.8850574712643678;1779
1.0344827586206897;0.27586206896551724;0.00014018797757572448;870;237.05992052357226;0.8655172413793103;1780
1.0;0.2633333333333333;0.00014502204576799082;900;225.78174593052023;0.8811111111111111;1781
1.6666666666666667;0.4270833333333333;0.00015469018215252356;960;352.37972567696687;0.8145833333333333;1804
1.3793103448275863;0.21379310344827587;0.0001869173034342993;1160;266.8883476483185;0.906896551724138;1833
1.0344827586206897;0.27241379310344827;0.00014018797757572448;870;229.8528137423857;0.8862068965517241;1834
1.0344827586206897;0.26666666666666666;0.00014018797757572448;870;222.36753236814712;0.8839080459770114;1835
1.0344827586206897;0.267816091954023;0.00014018797757572448;870;217.26093065034894;0.8781609195402299;1836
1.9393939393939394;0.16193181818181818;0.00034031840073555183;2111;431.8416664540925;0.9275225011842728;1870
1.6666666666666667;0.8;2.4170340961331806e-06;11;7.621320343559642;0.7272727272727273;1878
1.6428571428571428;0.5217391304347826;5.188566526365894e-05;320;135.01219330881975;0.765625;1887
1.0344827586206897;0.2689655172413793;0.00014018797757572448;870;221.53910524340094;0.8827586206896552;1895
1.0;0.2588888888888889;0.00014502204576799082;900;238.6812408671319;0.8711111111111111;1897
2.230769230769231;0.5305039787798409;6.074812361614727e-05;377;153.9827560572969;0.7851458885941645;1898
1.6923076923076923;0.3986013986013986;4.608478343293931e-05;286;123.31980515339464;0.8146853146853147;1899
1.4375;0.6114130434782609;5.9297903158467364e-05;368;156.53300858899107;0.6684782608695652;1906
1.75;0.8571428571428571;4.511796979448604e-06;25;15.242640687119286;0.6;1926
1.0344827586206897;0.2597701149425287;0.00014018797757572448;870;229.91778489984128;0.8839080459770114;1936
1.0344827586206897;0.2632183908045977;0.00014018797757572448;870;233.5035713374682;0.8839080459770114;1937
1.0344827586206897;0.26436781609195403;0.00014018797757572448;870;225.74621202458752;0.8793103448275862;1938
1.0344827586206897;0.2620689655172414;0.00014018797757572448;870;228.98885271170678;0.8793103448275862;1939
5.333333333333333;0.5416666666666666;7.734509107626178e-06;46;30.899494936611667;0.6956521739130435;1940
1.1724137931034482;0.24239350912778904;0.0001588797079191544;986;251.23149339882605;0.8843813387423936;1971
1.0;0.2794292508917955;0.00013551504498986698;841;226.6812408671319;0.8799048751486326;1981
1.0344827586206897;0.2689655172413793;0.00014018797757572448;870;228.30256121069152;0.8666666666666667;1983
27.666666666666668;0.18473895582329317;4.0122765995810794e-05;248;162.07106781186548;0.8870967741935484;1996
1.2666666666666666;0.21842105263157896;0.00018369459130612172;1140;259.05992052357226;0.8947368421052632;2018
1.0344827586206897;0.2689655172413793;0.00014018797757572448;870;236.5035713374682;0.8816091954022989;2022
1.0344827586206897;0.2747126436781609;0.00014018797757572448;870;220.84671708797583;0.8896551724137931;2023
1.0;0.2633333333333333;0.00014502204576799082;900;232.36753236814712;0.8788888888888889;2025
7.090909090909091;0.18181818181818182;0.00013825435029881793;858;283.5035713374682;0.9055944055944056;2044
1.0;0.272294887039239;0.00013551504498986698;841;219.26093065034894;0.8715814506539834;2045
1.0;0.28180737217598095;0.00013551504498986698;841;226.8528137423857;0.8703923900118906;2046
1.206896551724138;0.24926108374384237;0.00016355264050501187;1015;279.1959594928933;0.8788177339901477;2047
1.0689655172413792;0.2625139043381535;0.00014486091016158194;899;223.68124086713192;0.8754171301446051;2048
1.5517241379310345;0.19157088122605365;0.00021028196636358671;1305;291.16652224137044;0.9088122605363985;2066
1.4137931034482758;0.2043734230445753;0.0001915902360201568;1189;270.10155108391484;0.9108494533221194;2067
3.9444444444444446;0.12050078247261346;0.00020593130499054697;1278;275.0893577750951;0.9428794992175273;2068
1.0344827586206897;0.27011494252873564;0.00014018797757572448;870;231.16042558696057;0.8701149425287357;2075
1.0;0.2588888888888889;0.00014502204576799082;900;235.05992052357226;0.8866666666666667;2077
2.1538461538461537;0.6978021978021978;5.8653360732831846e-05;362;154.84671708797583;0.7154696132596685;2096
2.0;0.49489795918367346;6.316515771228045e-05;392;156.91168824543144;0.7908163265306123;2098
1.75;0.26785714285714285;1.8047187917794415e-05;112;52.48528137423857;0.8928571428571429;2100
2.5;0.32222222222222224;1.4502204576799084e-05;88;45.48528137423857;0.875;2101
2.142857142857143;0.3047619047619048;1.6919238672932263e-05;105;40.242640687119284;0.8952380952380953;2102
1.0;0.26555555555555554;0.00014502204576799082;900;238.26702730475878;0.8866666666666667;2103
1.0;0.26;0.00014502204576799082;900;232.2670273047588;0.8822222222222222;2104
1.0;0.2644444444444444;0.00014502204576799082;900;227.91778489984128;0.8877777777777778;2105
1.0344827586206897;0.27241379310344827;0.00014018797757572448;870;227.57463914933368;0.8758620689655172;2106
1.0;0.2633333333333333;0.00014502204576799082;900;230.19595949289334;0.87;2107
2.75;0.15482954545454544;0.00011343946691185061;704;195.05382386916236;0.9346590909090909;2136
5.0;0.85;3.222712128177574e-06;16;6.82842712474619;0.5625;2138
1.7;0.08198529411764706;0.00043828884943215005;2719;381.79393923934003;0.9613828613460831;2139
1.7;0.09117647058823529;0.00043828884943215005;2715;413.6579002700189;0.961694290976059;2140
1.0;0.2734839476813318;0.00013551504498986698;841;214.67514421272205;0.8692033293697978;2141
1.0;0.2746730083234245;0.00013551504498986698;841;219.53910524340097;0.882282996432818;2142
1.0;0.2794292508917955;0.00013551504498986698;841;191.95331880577402;0.8608799048751486;2143
1.0344827586206897;0.267816091954023;0.00014018797757572448;870;227.7817459305202;0.8873563218390804;2144
5.0;0.6;7.251102288399542e-06;43;27.863961030678926;0.6744186046511628;2150
9.875;0.24208860759493672;0.00010183770325041134;631;268.49747468305833;0.8700475435816165;2156
1.5714285714285714;0.1838961038961039;0.0003101860423370915;1925;426.07821048680194;0.9174025974025974;2164
1.0;0.26555555555555554;0.00014502204576799082;900;247.2670273047588;0.8788888888888889;2165
1.0344827586206897;0.267816091954023;0.00014018797757572448;870;228.19595949289334;0.8850574712643678;2166
1.0344827586206897;0.2747126436781609;0.00014018797757572448;870;237.13098833543773;0.8735632183908046;2167
1.0;0.2633333333333333;0.00014502204576799082;900;238.5035713374682;0.8722222222222222;2168
1.0;0.2677777777777778;0.00014502204576799082;900;230.4030662740799;0.88;2169
11.285714285714286;0.27848101265822783;8.910799034410993e-05;553;257.9472221513642;0.840867992766727;2177
1.0689655172413792;0.26028921023359286;0.00014486091016158194;899;238.61017305526642;0.8843159065628476;2196
1.0689655172413792;0.26028921023359286;0.00014486091016158194;899;227.71067811865476;0.8898776418242491;2197
1.0;0.26872770511296074;0.00013551504498986698;841;213.2609306503489;0.8751486325802615;2198
1.0344827586206897;0.26666666666666666;0.00014018797757572448;870;221.61017305526642;0.8896551724137931;2199
1.0;0.2746730083234245;0.00013551504498986698;841;211.4030662740799;0.8858501783590963;2200
1.0689655172413792;0.25695216907675195;0.00014486091016158194;899;240.29646455628165;0.8898776418242491;2201
1.1;0.1534090909090909;0.0002835986672796265;1760;343.79393923934;0.9369318181818181;2229
1.0;0.22916666666666666;2.3203527322878534e-05;143;62.520815280171306;0.8951048951048951;2232
1.0909090909090908;0.22727272727272727;2.126990004597199e-05;130;55.72792206135785;0.9230769230769231;2234
1.0;0.2611111111111111;0.00014502204576799082;900;225.98885271170678;0.88;2236
1.0344827586206897;0.2689655172413793;0.00014018797757572448;870;212.675144212722;0.8850574712643678;2238
1.0344827586206897;0.271264367816092;0.00014018797757572448;870;234.57463914933368;0.8839080459770114;2239
1.0;0.2588888888888889;0.00014502204576799082;900;239.57463914933368;0.9011111111111111;2240
1.0;0.2633333333333333;0.00014502204576799082;900;237.0599205235722;0.8911111111111111;2241
1.3617021276595744;0.07347074468085106;0.00048469590407790715;3008;377.8589103967956;0.9697473404255319;2274
1.3448275862068966;0.1225071225071225;0.0016401993376359762;10178;1343.0285706997456;0.9460601296914914;2277
1.4130434782608696;0.07123745819397993;0.0004817954631625473;2989;372.51576464628795;0.9665439946470391;2278
1.5333333333333334;0.20579710144927535;0.0002223671368442526;1380;360.5218613006979;0.9115942028985508;2291
7.5;0.9;4.834068192266361e-06;30;14.82842712474619;0.6;2292
1.5925925925925926;0.03875968992248062;0.00018707843904070817;1161;182.1837661840736;0.9844961240310077;2303
1.0;0.27444444444444444;0.00014502204576799082;900;242.13098833543773;0.8777777777777778;2304
1.0;0.26666666666666666;0.00014502204576799082;900;228.81727983645297;0.8833333333333333;2308
1.0344827586206897;0.27011494252873564;0.00014018797757572448;870;231.8528137423857;0.8689655172413793;2309
1.0;0.2633333333333333;0.00014502204576799082;900;241.16042558696057;0.8866666666666667;2310
1.0;0.2633333333333333;0.00014502204576799082;900;231.0243866176395;0.8844444444444445;2312
7.5;0.6333333333333333;4.834068192266361e-06;29;20.035533905932738;0.6551724137931034;2397
19.75;0.4588607594936709;5.091885162520567e-05;315;169.79898987322332;0.7238095238095238;2401
1.0344827586206897;0.271264367816092;0.00014018797757572448;870;234.95331880577402;0.8931034482758621;2413
1.0689655172413792;0.271412680756396;0.00014486091016158194;899;216.53910524340094;0.8731924360400445;2418
1.0344827586206897;0.26666666666666666;0.00014018797757572448;870;223.5035713374682;0.8942528735632184;2419
1.0344827586206897;0.2735632183908046;0.00014018797757572448;870;214.7462120245875;0.8942528735632184;2420
1.0;0.27824019024970276;0.00013551504498986698;841;220.05992052357226;0.896551724137931;2421
1.0344827586206897;0.267816091954023;0.00014018797757572448;870;227.12489168102783;0.8873563218390804;2422
1.0344827586206897;0.2735632183908046;0.00014018797757572448;870;235.1604255869606;0.8793103448275862;2423
1.0535714285714286;0.1368038740920097;0.0005323920435749352;3304;528.0609665440988;0.9385593220338984;2465
1.6666666666666667;0.152;6.042585240332951e-05;375;115.76955262170048;0.928;2466
1.875;0.25;1.9336272769065445e-05;120;59.55634918610404;0.8916666666666667;2467
1.875;0.25833333333333336;1.9336272769065445e-05;119;53.48528137423857;0.9159663865546218;2468
26.333333333333332;0.5316455696202531;3.818913871890425e-05;237;150.03553390593274;0.9029535864978903;2470
2.566666666666667;0.21428571428571427;0.0003722232508045098;2310;525.9188309203678;0.8948051948051948;2476
1.0;0.2633333333333333;0.00014502204576799082;900;231.91778489984128;0.8855555555555555;2477
1.0;0.2633333333333333;0.00014502204576799082;900;245.26702730475878;0.8955555555555555;2479
1.0;0.26555555555555554;0.00014502204576799082;900;238.26702730475878;0.89;2480
1.0344827586206897;0.2655172413793103;0.00014018797757572448;870;239.0893577750951;0.8735632183908046;2481
1.0344827586206897;0.27241379310344827;0.00014018797757572448;870;218.47413408594534;0.8942528735632184;2482
1.0344827586206897;0.2689655172413793;0.00014018797757572448;870;226.98885271170678;0.8793103448275862;2483
1.0;0.2588888888888889;0.00014502204576799082;900;256.9533188057741;0.8822222222222222;2484
4.529411764705882;0.11077158135981666;0.0002109265087892222;1302;289.53910524340097;0.9546850998463902;2487
4.529411764705882;0.11077158135981666;0.0002109265087892222;1307;266.71067811865476;0.9602142310635042;2488
1.0857142857142856;0.18345864661654135;0.00021431035652380868;1330;271.99494936611666;0.9187969924812031;2537
1.0344827586206897;0.27011494252873564;0.00014018797757572448;870;224.4030662740799;0.8931034482758621;2545
1.0344827586206897;0.2735632183908046;0.00014018797757572448;870;229.57463914933368;0.8885057471264368;2546
1.0344827586206897;0.2620689655172414;0.00014018797757572448;870;224.4030662740799;0.8942528735632184;2548
1.0689655172413792;0.26473859844271413;0.00014486091016158194;899;226.40306627407986;0.8832035595105673;2549
1.0344827586206897;0.2597701149425287;0.00014018797757572448;870;222.12489168102786;0.8919540229885058;2550
1.0344827586206897;0.26436781609195403;0.00014018797757572448;870;230.71067811865476;0.8804597701149425;2551
1.0;0.2699167657550535;0.00013551504498986698;841;211.61017305526642;0.8870392390011891;2552
1.0344827586206897;0.2632183908045977;0.00014018797757572448;870;232.16042558696057;0.8804597701149425;2553
1.0344827586206897;0.26666666666666666;0.00014018797757572448;870;228.3319984622144;0.8793103448275862;2554
1.5333333333333334;0.20144927536231885;0.0002223671368442526;1380;328.4802307403552;0.9181159420289855;2602
1.0294117647058822;0.20504201680672268;0.00019175137162656566;1189;290.6812408671319;0.913372582001682;2603
1.0344827586206897;0.271264367816092;0.00014018797757572448;870;217.36753236814712;0.8839080459770114;2605
1.0344827586206897;0.2735632183908046;0.00014018797757572448;870;228.16042558696057;0.8747126436781609;2606
1.0344827586206897;0.27011494252873564;0.00014018797757572448;870;217.12489168102786;0.8850574712643678;2608
2.870967741935484;0.1920985864443639;0.00044457313808209635;2759;604.9604614807104;0.9140993113446901;2609
1.0344827586206897;0.271264367816092;0.00014018797757572448;870;224.2670273047588;0.8770114942528736;2610
1.0344827586206897;0.2735632183908046;0.00014018797757572448;870;225.40306627407986;0.8781609195402299;2611
1.0;0.27586206896551724;0.00013551504498986698;841;231.4030662740799;0.8632580261593341;2612
1.0344827586206897;0.2689655172413793;0.00014018797757572448;870;225.43250352560273;0.8747126436781609;2614
1.2105263157894737;0.37299771167048057;7.041626000067999e-05;437;171.91168824543144;0.8329519450800915;2628
1.0;0.8125;2.5781697025420593e-06;15;6.82842712474619;0.6;2639
1.1935483870967742;0.13426329555361813;0.00018482254055098387;1146;219.12489168102786;0.9406631762652705;2643
1.1578947368421053;0.3038277511961722;6.735468347891129e-05;417;133.6335136523794;0.8585131894484412;2644
8.0;0.78125;5.156339405084119e-06;30;24.86396103067893;0.7666666666666667;2645
1.9285714285714286;0.4973544973544973;6.090925922255615e-05;378;172.84671708797583;0.7724867724867724;2648
1.25;0.426;8.056780320443935e-05;500;193.08935777509515;0.824;2649
1.975;0.16993670886075948;0.0005091885162520567;3160;638.4518395093589;0.9227848101265823;2653
1.4736842105263157;0.40225563909774437;8.572414260952347e-05;532;201.95331880577402;0.8195488721804511;2654
1.0;0.26555555555555554;0.00014502204576799082;900;244.95331880577405;0.8944444444444445;2655
1.0266666666666666;0.16346320346320348;0.0009305581270112745;5775;960.7077195258246;0.9270995670995671;2656
1.0344827586206897;0.271264367816092;0.00014018797757572448;870;229.64570696119915;0.8816091954022989;2657
1.0;0.2644444444444444;0.00014502204576799082;900;249.57463914933368;0.8777777777777778;2659
1.0;0.2633333333333333;0.00014502204576799082;900;220.61017305526642;0.8855555555555555;2660
1.0;0.2677777777777778;0.00014502204576799082;900;243.47413408594534;0.89;2661
1.0344827586206897;0.267816091954023;0.00014018797757572448;870;227.30256121069152;0.8816091954022989;2662
1.0344827586206897;0.2735632183908046;0.00014018797757572448;870;215.64570696119915;0.8735632183908046;2663
1.0;0.26555555555555554;0.00014502204576799082;900;237.63961030678928;0.8711111111111111;2664
1.0;0.2633333333333333;0.00014502204576799082;900;224.7462120245875;0.8833333333333333;2665
1.0;0.2677777777777778;0.00014502204576799082;900;242.05992052357226;0.88;2666
7.5;0.6333333333333333;4.834068192266361e-06;25;16.621320343559645;0.72;2730
2.230769230769231;0.6153846153846154;6.074812361614727e-05;377;166.36143571373725;0.753315649867374;2732
2.230769230769231;0.5676392572944297;6.074812361614727e-05;377;152.84062043356596;0.7480106100795756;2756
1.0344827586206897;0.27011494252873564;0.00014018797757572448;870;206.91778489984128;0.8747126436781609;2762
1.0689655172413792;0.26696329254727474;0.00014486091016158194;899;230.5035713374682;0.8809788654060067;2764
1.0344827586206897;0.26436781609195403;0.00014018797757572448;870;229.78174593052023;0.8747126436781609;2765
1.0344827586206897;0.2689655172413793;0.00014018797757572448;870;222.33199846221441;0.8850574712643678;2766
1.0689655172413792;0.26473859844271413;0.00014486091016158194;899;231.7817459305202;0.8832035595105673;2768
2.5517241379310347;0.2320596458527493;0.00034579701135345367;2146;542.6345596729059;0.8928238583410997;2769
1.0;0.28180737217598095;0.00013551504498986698;841;214.95331880577402;0.8703923900118906;2770
1.0;0.272294887039239;0.00013551504498986698;841;207.71067811865476;0.8644470868014269;2771
1.0344827586206897;0.26436781609195403;0.00014018797757572448;870;221.71067811865476;0.8896551724137931;2772
1.5;1.0;3.867254553813089e-06;19;10.035533905932738;0.631578947368421;2830
2.230769230769231;0.5941644562334217;6.074812361614727e-05;377;165.3259018078045;0.7294429708222812;2841
2.0714285714285716;0.5812807881773399;6.542105620200476e-05;406;187.60407640085654;0.7733990147783252;2850
1.0;0.2611111111111111;0.00014502204576799082;900;229.0893577750951;0.8866666666666667;2851
1.0344827586206897;0.2655172413793103;0.00014018797757572448;870;224.88225099390857;0.8862068965517241;2853
1.0344827586206897;0.267816091954023;0.00014018797757572448;870;232.78174593052023;0.8724137931034482;2855
1.0;0.2588888888888889;0.00014502204576799082;900;232.12489168102786;0.8844444444444445;2856
1.0;0.2633333333333333;0.00014502204576799082;900;229.16042558696057;0.8955555555555555;2857
1.0344827586206897;0.26436781609195403;0.00014018797757572448;870;224.7462120245875;0.8758620689655172;2858
1.0344827586206897;0.2689655172413793;0.00014018797757572448;870;233.36753236814712;0.8908045977011494;2859
1.0344827586206897;0.2689655172413793;0.00014018797757572448;870;226.8822509939086;0.8781609195402299;2860
1.0;0.2588888888888889;0.00014502204576799082;900;227.78174593052023;0.8766666666666667;2861
1.0;0.2633333333333333;0.00014502204576799082;900;240.81727983645297;0.8844444444444445;2862
1.5666666666666667;0.19858156028368795;0.00022720120503651897;1410;343.48023074035524;0.9141843971631206;2933
2.230769230769231;0.5464190981432361;6.074812361614727e-05;377;150.81118318204307;0.7745358090185677;2941
3.263157894736842;0.16553480475382004;0.0007592709773986365;4712;899.4112549695428;0.9259337860780985;2948
1.0;0.27;0.00014502204576799082;900;219.71067811865476;0.8844444444444445;2949
1.0;0.27;0.00014502204576799082;900;231.98885271170676;0.8788888888888889;2950
1.0606060606060606;0.21558441558441557;0.0001861116254022549;1155;289.58073580374355;0.9012987012987013;2951
1.0;0.26555555555555554;0.00014502204576799082;900;240.6812408671319;0.87;2952
1.0;0.26666666666666666;0.00014502204576799082;900;236.23149339882605;0.8788888888888889;2953
1.0;0.2688888888888889;0.00014502204576799082;900;240.8528137423857;0.8744444444444445;2954
1.0344827586206897;0.27586206896551724;0.00014018797757572448;870;214.88225099390854;0.8850574712643678;2955
1.0344827586206897;0.271264367816092;0.00014018797757572448;870;209.36753236814715;0.8885057471264368;2957
1.0;0.26555555555555554;0.00014502204576799082;900;225.98885271170678;0.8777777777777778;2959
2.230769230769231;0.5251989389920424;6.074812361614727e-05;377;158.9116882454314;0.7984084880636605;3026
1.0344827586206897;0.27011494252873564;0.00014018797757572448;870;211.26093065034894;0.8885057471264368;3037
1.0344827586206897;0.2770114942528736;0.00014018797757572448;870;197.0538238691624;0.8827586206896552;3038
1.320754716981132;0.15256064690026955;0.00059781309977694;3710;605.6173157302028;0.9242587601078167;3039
1.0344827586206897;0.26666666666666666;0.00014018797757572448;870;227.05992052357223;0.8758620689655172;3040
1.0689655172413792;0.26918798665183535;0.00014486091016158194;899;226.29646455628165;0.8832035595105673;3041
1.0344827586206897;0.2632183908045977;0.00014018797757572448;870;220.22539674441617;0.8873563218390804;3042
1.0;0.2734839476813318;0.00013551504498986698;841;218.71067811865476;0.8787158145065398;3044
1.0344827586206897;0.26666666666666666;0.00014018797757572448;870;214.61017305526642;0.8896551724137931;3045
8.0;0.75;5.156339405084119e-06;32;16.207106781186546;0.6875;3074
1.0714285714285714;0.13988095238095238;0.0005414156375338324;3360;561.5462479183374;0.9333333333333333;3102
1.0;0.26666666666666666;0.00014502204576799082;900;235.98885271170678;0.8888888888888888;3116
1.0;0.2677777777777778;0.00014502204576799082;900;228.57463914933368;0.8677777777777778;3118
1.0;0.2688888888888889;0.00014502204576799082;900;228.19595949289334;0.8733333333333333;3119
1.0344827586206897;0.27011494252873564;0.00014018797757572448;870;212.5035713374682;0.8873563218390804;3120
1.0344827586206897;0.2770114942528736;0.00014018797757572448;870;214.0893577750951;0.8689655172413793;3121
1.0;0.26555555555555554;0.00014502204576799082;900;237.02438661763952;0.8811111111111111;3122
8.0;0.65625;5.156339405084119e-06;31;27.035533905932738;0.8387096774193549;3135
19.5;0.4583333333333333;5.0274309199570156e-05;312;174.3847763108502;0.7307692307692307;3162
4.0;0.453125;1.0312678810168237e-05;63;32.071067811865476;0.8095238095238095;3181
4.25;0.4411764705882353;1.0957221235803752e-05;66;38.828427124746185;0.8333333333333334;3182
2.212121212121212;0.0647571606475716;0.00038817567583898877;2407;325.2314933988261;0.9746572496884088;3190
2.212121212121212;0.0639269406392694;0.00038817567583898877;2408;340.8528137423857;0.9746677740863787;3191
1.0689655172413792;0.25583982202447164;0.00014486091016158194;899;241.19595949289334;0.8798665183537263;3199
1.1904761904761905;0.1326984126984127;0.0007613657402819519;4724;747.2213921310594;0.9386113463166808;3200
1.0344827586206897;0.27241379310344827;0.00014018797757572448;870;230.88834764831844;0.8689655172413793;3202
1.0;0.26516052318668254;0.00013551504498986698;841;209.60407640085654;0.8810939357907254;3203
1.0;0.272294887039239;0.00013551504498986698;841;235.78174593052023;0.8882282996432818;3204
1.0;0.2699167657550535;0.00013551504498986698;841;203.0893577750951;0.8882282996432818;3205
1.0689655172413792;0.25806451612903225;0.00014486091016158194;899;236.9177848998413;0.8731924360400445;3208
15.6;0.3641025641025641;6.28428864994627e-05;390;216.14823227814082;0.8128205128205128;3219
1.5;0.0787037037037037;3.48052909843178e-05;216;70.31370849898475;0.9629629629629629;3266
1.0;0.2688888888888889;0.00014502204576799082;900;253.02438661763952;0.8822222222222222;3307
1.0;0.2734839476813318;0.00013551504498986698;841;206.71067811865476;0.8846611177170036;3315
1.0344827586206897;0.267816091954023;0.00014018797757572448;870;233.95331880577402;0.8747126436781609;3318
1.4;0.2357142857142857;2.255898489724302e-05;140;62.14213562373095;0.9071428571428571;3362
1.6666666666666667;0.23703703703703705;2.1753306865198626e-05;133;59.935028842544405;0.9022556390977443;3371
1.0740740740740742;0.070242656449553;0.0005046767192726081;3132;365.8233764908628;0.9683908045977011;3426
1.0;0.2677777777777778;0.00014502204576799082;900;229.71067811865476;0.89;3431
1.0925925925925926;0.0696798493408663;0.0005133780420186876;3184;382.48023074035524;0.9707914572864321;3437
1.1;0.15511363636363637;0.0002835986672796265;1760;351.3797256769669;0.9323863636363636;3438
1.0344827586206897;0.27241379310344827;0.00014018797757572448;870;227.19595949289334;0.8816091954022989;3439
1.0;0.2633333333333333;0.00014502204576799082;900;238.33199846221441;0.8755555555555555;3442
1.0;0.2677777777777778;0.00014502204576799082;900;224.16042558696057;0.8877777777777778;3443
8.0;0.875;5.156339405084119e-06;29;17.44974746830583;0.6206896551724138;3530
1.0344827586206897;0.271264367816092;0.00014018797757572448;870;220.98885271170678;0.8701149425287357;3543
1.0344827586206897;0.271264367816092;0.00014018797757572448;870;215.46803743153544;0.8689655172413793;3544
1.0344827586206897;0.2689655172413793;0.00014018797757572448;870;224.7462120245875;0.871264367816092;3545
1.0344827586206897;0.2632183908045977;0.00014018797757572448;870;230.36753236814715;0.8873563218390804;3547
1.0344827586206897;0.267816091954023;0.00014018797757572448;870;199.26093065034894;0.8781609195402299;3548
8.0;0.59375;5.156339405084119e-06;29;17.82842712474619;0.6551724137931034;3596
9.0;0.2194787379972565;0.00011746785707207258;728;287.675144212722;0.8942307692307693;3599
1.0;0.2611111111111111;0.00014502204576799082;900;237.36753236814712;0.8911111111111111;3606
1.0344827586206897;0.27241379310344827;0.00014018797757572448;870;231.23149339882605;0.864367816091954;3609
1.0;0.2588888888888889;0.00014502204576799082;900;232.64570696119915;0.8988888888888888;3611
1.0;0.2633333333333333;0.00014502204576799082;900;234.26093065034894;0.8777777777777778;3612
1.3;0.23076923076923078;2.094762883315423e-05;130;61.72792206135785;0.8769230769230769;3656
1.5555555555555556;0.25396825396825395;2.0303086407518715e-05;125;61.14213562373095;0.888;3659
1.0344827586206897;0.26436781609195403;0.00014018797757572448;869;224.57463914933368;0.8780207134637514;3666
1.0344827586206897;0.26436781609195403;0.00014018797757572448;870;233.23149339882607;0.8873563218390804;3667
1.0344827586206897;0.26666666666666666;0.00014018797757572448;870;235.5035713374682;0.8931034482758621;3668
1.0344827586206897;0.2632183908045977;0.00014018797757572448;870;221.9177848998413;0.8781609195402299;3669
2.142857142857143;0.49047619047619045;6.767695469172905e-05;420;185.0893577750951;0.7738095238095238;3687
2.5;0.11481481481481481;0.00013051984119119174;810;183.04772721475248;0.9432098765432099;3699
1.0344827586206897;0.271264367816092;0.00014018797757572448;870;224.98885271170678;0.8793103448275862;3712
1.0;0.272294887039239;0.00013551504498986698;841;196.77564927611036;0.882282996432818;3713
1.0;0.27705112960760997;0.00013551504498986698;841;216.05992052357226;0.8715814506539834;3714
1.0344827586206897;0.27241379310344827;0.00014018797757572448;870;228.40306627407986;0.871264367816092;3715
1.0344827586206897;0.2689655172413793;0.00014018797757572448;870;231.98885271170678;0.8827586206896552;3716
1.4137931034482758;0.2094196804037006;0.0001915902360201568;1189;273.23149339882605;0.9058031959629941;3756
1.0344827586206897;0.2747126436781609;0.00014018797757572448;870;241.88834764831842;0.8701149425287357;3757
1.5172413793103448;0.20219435736677116;0.00020560903377772922;1276;289.82337649086287;0.9043887147335423;3758
1.0;0.2633333333333333;0.00014502204576799082;900;210.18986283848346;0.8833333333333333;3759
2.3448275862068964;0.07657200811359026;0.0003177594158383088;1971;291.9888527117068;0.9660071029934043;3791
27.666666666666668;0.17670682730923695;4.0122765995810794e-05;249;160.69238815542514;0.8795180722891566;3793
1.0;0.2222222222222222;2.3203527322878534e-05;144;59.520815280171306;0.9027777777777778;3796
1.0;0.27110582639714625;0.00013551504498986698;841;209.675144212722;0.8775267538644471;3797
1.0;0.2794292508917955;0.00013551504498986698;841;214.9177848998413;0.8703923900118906;3798
1.0;0.2746730083234245;0.00013551504498986698;841;206.12489168102786;0.8858501783590963;3799
1.0689655172413792;0.26028921023359286;0.00014486091016158194;899;228.36753236814712;0.8809788654060067;3800
7.5;0.7;4.834068192266361e-06;25;17.82842712474619;0.76;3815
1.0344827586206897;0.2689655172413793;0.00014018797757572448;870;235.36753236814712;0.8747126436781609;3822
1.0344827586206897;0.2689655172413793;0.00014018797757572448;870;211.53910524340094;0.8758620689655172;3823
1.3103448275862069;0.22686025408348456;0.00017757143826258433;1102;282.8883476483184;0.8901996370235935;3824
1.0;0.2588888888888889;0.00014502204576799082;900;229.64570696119915;0.8855555555555555;3825
8.0;0.8125;5.156339405084119e-06;31;19.242640687119284;0.6451612903225806;3834
6.5;0.1655982905982906;0.00015082292759871046;935;284.16042558696057;0.9240641711229947;3846
1.0344827586206897;0.2689655172413793;0.00014018797757572448;870;232.82337649086287;0.8793103448275862;3848
1.0344827586206897;0.271264367816092;0.00014018797757572448;870;217.4030662740799;0.8862068965517241;3849
1.0344827586206897;0.271264367816092;0.00014018797757572448;870;221.4030662740799;0.8827586206896552;3850
1.0;0.26555555555555554;0.00014502204576799082;900;242.67514421272202;0.8688888888888889;3851
3.391304347826087;0.09921962095875139;0.0002890772778975284;1794;360.8589103967955;0.9593088071348941;3856
1.0;0.272294887039239;0.00013551504498986698;841;238.26093065034894;0.8656361474435196;3888
1.0344827586206897;0.27011494252873564;0.00014018797757572448;870;227.61017305526642;0.8862068965517241;3889
1.0344827586206897;0.2689655172413793;0.00014018797757572448;870;221.19595949289334;0.8827586206896552;3890
1.0344827586206897;0.2689655172413793;0.00014018797757572448;870;230.81727983645297;0.8747126436781609;3891
1.9393939393939394;0.17424242424242425;0.00034031840073555183;2112;449.08430714121175;0.9242424242424242;3895
1.0344827586206897;0.267816091954023;0.00014018797757572448;870;219.29646455628165;0.8804597701149425;3934
1.0344827586206897;0.2747126436781609;0.00014018797757572448;870;220.2670273047588;0.8885057471264368;3935
1.0;0.2633333333333333;0.00014502204576799082;900;232.64570696119915;0.8822222222222222;3937
1.3793103448275863;0.20862068965517241;0.0001869173034342993;1160;268.81727983645294;0.9043103448275862;3967
2.1538461538461537;0.5906593406593407;5.8653360732831846e-05;364;154.36143571373725;0.7445054945054945;3970
3.75;0.48333333333333334;9.668136384532722e-06;59;31.621320343559642;0.7627118644067796;3981
1.0;0.272294887039239;0.00013551504498986698;841;225.75230867899737;0.8799048751486326;3985
1.0;0.2734839476813318;0.00013551504498986698;841;212.67514421272202;0.8858501783590963;3986
1.0689655172413792;0.25583982202447164;0.00014486091016158194;899;229.9177848998413;0.8876529477196885;3987
1.0263157894736843;0.08771929824561403;0.00023880296869795823;1482;317.3025612106915;0.9568151147098516;4016
2.0;0.5841836734693877;6.316515771228045e-05;392;160.5685424949238;0.7678571428571429;4018
2.0;0.17346938775510204;6.316515771228045e-05;392;136.66904755831214;0.9362244897959183;4022
2.1538461538461537;0.5604395604395604;5.8653360732831846e-05;364;156.59797974644667;0.7225274725274725;4023
2.1538461538461537;0.6401098901098901;5.8653360732831846e-05;364;139.04772721475248;0.7692307692307693;4024
2.076923076923077;0.5299145299145299;5.6558597849516423e-05;351;155.08326112068522;0.7578347578347578;4027
2.5;0.32222222222222224;1.4502204576799084e-05;90;46.69238815542512;0.8666666666666667;4032
1.9285714285714286;0.7222222222222222;6.090925922255615e-05;376;167.46803743153546;0.6462765957446809;4038
2.0;0.5;6.316515771228045e-05;392;156.49747468305833;0.7933673469387755;4040
5.2;0.13076923076923078;0.0001885286594983881;1170;298.61017305526644;0.9384615384615385;4046
1.0344827586206897;0.26436781609195403;0.00014018797757572448;870;237.29646455628165;0.8908045977011494;4048
1.0;0.2734839476813318;0.00013551504498986698;841;212.9177848998413;0.8739595719381689;4050
1.0;0.27824019024970276;0.00013551504498986698;841;214.47413408594537;0.8834720570749108;4051
1.0344827586206897;0.267816091954023;0.00014018797757572448;870;223.3319984622144;0.8942528735632184;4053
2.8125;0.15138888888888888;0.00011601763661439267;719;183.67514421272205;0.9346314325452016;4071
1.25;1.0;3.222712128177574e-06;17;9.82842712474619;0.6470588235294118;4073
2.0;1.0;2.9004409153598167e-06;16;9.242640687119284;0.5625;4074
1.725;0.08260869565217391;0.0004447342736885052;2758;392.92997820866105;0.9641044234952865;4078
1.0344827586206897;0.2689655172413793;0.00014018797757572448;870;239.98885271170678;0.8862068965517241;4080
1.0344827586206897;0.2747126436781609;0.00014018797757572448;870;220.6812408671319;0.8758620689655172;4081
1.0;0.2644444444444444;0.00014502204576799082;900;228.33199846221441;0.8811111111111111;4082
1.0;0.2633333333333333;0.00014502204576799082;900;241.09545442950497;0.8866666666666667;4083
2.0;0.5841836734693877;6.316515771228045e-05;392;164.91168824543144;0.75;4084
4.0;0.3055555555555556;5.8008818307196334e-06;35;23.621320343559645;0.8285714285714286;4107
2.0;0.5841836734693877;6.316515771228045e-05;392;174.4680374315355;0.7576530612244898;4109
1.0344827586206897;0.26666666666666666;0.00014018797757572448;870;226.16042558696057;0.8827586206896552;4112
1.0344827586206897;0.2735632183908046;0.00014018797757572448;870;235.36753236814712;0.8735632183908046;4113
1.6142857142857143;0.16649810366624526;0.0012745826466942305;7908;1272.0641046056785;0.9301972685887708;4114
1.0344827586206897;0.267816091954023;0.00014018797757572448;870;225.23149339882605;0.8816091954022989;4115
1.1470588235294117;0.03770739064856712;0.00021366581409817316;1325;201.01219330881977;0.9833962264150944;4125
1.1304347826086956;0.1020066889632107;9.635909263250947e-05;598;131.90559159102153;0.9498327759197325;4134
3.857142857142857;0.5291005291005291;3.0454629611278075e-05;187;86.55634918610406;0.8288770053475936;4142
1.0;0.2633333333333333;0.00014502204576799082;900;223.71067811865476;0.89;4145
1.0;0.2633333333333333;0.00014502204576799082;900;248.64570696119915;0.88;4147
1.0344827586206897;0.2655172413793103;0.00014018797757572448;870;222.1959594928933;0.8781609195402299;4148
1.0344827586206897;0.27011494252873564;0.00014018797757572448;870;211.01828996322962;0.8862068965517241;4149
1.0344827586206897;0.267816091954023;0.00014018797757572448;870;221.53910524340094;0.864367816091954;4150
1.075;0.15523255813953488;0.00027715324302327135;1720;317.82337649086287;0.9273255813953488;4178
1.0925925925925926;0.06716886377903326;0.0005133780420186876;3186;381.0304832720494;0.9689265536723164;4179
4.0;0.453125;1.0312678810168237e-05;62;38.86396103067892;0.8225806451612904;4180
1.0909090909090908;0.24242424242424243;2.126990004597199e-05;131;59.14213562373095;0.9007633587786259;4184
1.0344827586206897;0.26436781609195403;0.00014018797757572448;870;236.29646455628168;0.8770114942528736;4191
1.0344827586206897;0.26436781609195403;0.00014018797757572448;870;230.57463914933368;0.8770114942528736;4193
2.4285714285714284;0.12605042016806722;1.9175137162656567e-05;119;56.31370849898476;0.957983193277311;4220
2.6666666666666665;0.6666666666666666;3.867254553813089e-06;21;14.414213562373096;0.8571428571428571;4230
1.3617021276595744;0.07180851063829788;0.00048469590407790715;3008;367.85891039679564;0.9717420212765957;4234
4.222222222222222;0.10964912280701754;0.00022043350956734605;1366;299.5035713374682;0.9560761346998536;4235
1.0344827586206897;0.2735632183908046;0.00014018797757572448;870;237.02438661763952;0.8781609195402299;4258
1.0689655172413792;0.26585094549499444;0.00014486091016158194;899;238.9177848998413;0.8743047830923248;4262
1.0;0.2734839476813318;0.00013551504498986698;841;215.7462120245875;0.8727705112960761;4263
1.0344827586206897;0.267816091954023;0.00014018797757572448;870;220.61017305526642;0.8793103448275862;4265
4.052631578947368;0.1038961038961039;0.00023574139217618953;1461;301.16042558696057;0.9637234770704997;4288
3.875;0.11290322580645161;3.996163038940192e-05;246;94.38477631085024;0.959349593495935;4339
1.75;0.25892857142857145;1.8047187917794415e-05;112;59.142135623730944;0.8928571428571429;4342
1.0;0.26666666666666666;0.00014502204576799082;900;227.23149339882605;0.8755555555555555;4345
1.0;0.2733333333333333;0.00014502204576799082;900;228.95331880577405;0.8644444444444445;4349
1.0344827586206897;0.267816091954023;0.00014018797757572448;870;215.71067811865476;0.8781609195402299;4350
1.0344827586206897;0.2735632183908046;0.00014018797757572448;870;227.3319984622144;0.8793103448275862;4351
1.0344827586206897;0.2735632183908046;0.00014018797757572448;870;236.16042558696057;0.8781609195402299;4352
1.0;0.2633333333333333;0.00014502204576799082;900;239.40306627407986;0.8766666666666667;4353
2.740740740740741;0.07657657657657657;0.00032194894160493965;1998;318.3675323681471;0.968968968968969;4398
1.875;0.24166666666666667;1.9336272769065445e-05;118;54.89949493661167;0.9152542372881356;4399
1.9176470588235295;0.1268856008661133;0.0022325338267950145;13855;1913.1494577674166;0.941248646697943;4403
1.4166666666666667;0.09803921568627451;0.000131486654829645;816;196.11269837220806;0.9448529411764706;4407
1.0344827586206897;0.27241379310344827;0.00014018797757572448;870;227.19595949289334;0.8735632183908046;4408
1.0344827586206897;0.2735632183908046;0.00014018797757572448;870;228.98885271170678;0.867816091954023;4409
4.277777777777778;0.1111111111111111;0.00022333395048270587;1383;305.9177848998413;0.9450469992769343;4410
1.0689655172413792;0.26585094549499444;0.00014486091016158194;899;239.36753236814712;0.8854282536151279;4411
1.0344827586206897;0.27011494252873564;0.00014018797757572448;870;236.5035713374682;0.867816091954023;4412
1.0;0.2734839476813318;0.00013551504498986698;841;210.6101730552664;0.8799048751486326;4413
1.0344827586206897;0.271264367816092;0.00014018797757572448;870;225.57463914933368;0.8954022988505748;4414
1.0;0.27705112960760997;0.00013551504498986698;841;231.92388155425118;0.8608799048751486;4415
5.333333333333333;0.5625;7.734509107626178e-06;47;30.414213562373096;0.8297872340425532;4451
1.2063492063492063;0.15183792815371763;0.0007715172834857112;4788;805.4762261269984;0.9331662489557226;4459
1.0;0.2633333333333333;0.00014502204576799082;900;226.1604255869606;0.8788888888888889;4462
1.0344827586206897;0.2655172413793103;0.00014018797757572448;870;220.71067811865476;0.8977011494252873;4463
1.0;0.2588888888888889;0.00014502204576799082;900;235.7462120245875;0.8811111111111111;4464
1.0;0.26666666666666666;0.00014502204576799082;900;234.23149339882605;0.8666666666666667;4465
1.0344827586206897;0.26436781609195403;0.00014018797757572448;870;232.43250352560273;0.8850574712643678;4466
1.0;0.2611111111111111;0.00014502204576799082;900;239.16042558696057;0.8733333333333333;4468
1.0;0.2588888888888889;0.00014502204576799082;900;240.81727983645297;0.8833333333333333;4469
3.0;0.36;1.2085170480665902e-05;75;42.071067811865476;0.88;4497
1.4666666666666666;0.19090909090909092;0.00021269900045971989;1320;295.3025612106915;0.9128787878787878;4506
3.0;0.38666666666666666;1.2085170480665902e-05;74;43.89949493661167;0.8378378378378378;4511
1.0;0.26666666666666666;0.00014502204576799082;900;227.4386001800126;0.8811111111111111;4517
1.0;0.27111111111111114;0.00014502204576799082;900;230.36753236814712;0.8622222222222222;4518
1.0344827586206897;0.271264367816092;0.00014018797757572448;870;215.9177848998413;0.8758620689655172;4519
1.0;0.26555555555555554;0.00014502204576799082;900;231.95331880577405;0.89;4520
1.0;0.27666666666666667;0.00014502204576799082;900;231.71677477306463;0.8766666666666667;4523
1.0;0.2688888888888889;0.00014502204576799082;900;224.1959594928933;0.8744444444444445;4524
1.0344827586206897;0.27586206896551724;0.00014018797757572448;870;237.61017305526642;0.8839080459770114;4525
1.0;0.2644444444444444;0.00014502204576799082;900;241.36753236814712;0.8677777777777778;4527
3.619047619047619;0.09649122807017543;0.00025717242782857043;1594;309.2670273047588;0.9579673776662484;4552
3.4545454545454546;0.10705741626794259;0.00026941873391564516;1672;323.05992052357226;0.9545454545454546;4588
1.0689655172413792;0.26696329254727474;0.00014486091016158194;899;234.30256121069152;0.8865406006674083;4596
1.4181818181818182;0.1536130536130536;0.0006912717514940896;4290;758.6000717874997;0.9275058275058276;4597
1.0344827586206897;0.26666666666666666;0.00014018797757572448;870;235.98885271170678;0.864367816091954;4598
1.0;0.27705112960760997;0.00013551504498986698;841;203.12489168102783;0.8763376932223543;4599
1.0344827586206897;0.2689655172413793;0.00014018797757572448;870;221.9888527117068;0.8816091954022989;4601
1.0689655172413792;0.26807563959955505;0.00014486091016158194;899;236.64570696119915;0.8765294771968855;4602
1.0344827586206897;0.26436781609195403;0.00014018797757572448;870;237.8111831820431;0.8689655172413793;4603
1.0344827586206897;0.271264367816092;0.00014018797757572448;870;229.4030662740799;0.8827586206896552;4604
1.0;0.2746730083234245;0.00013551504498986698;841;208.0538238691624;0.8775267538644471;4605
1.0344827586206897;0.26666666666666666;0.00014018797757572448;870;223.23149339882605;0.8781609195402299;4606
18.0;0.4166666666666667;1.1601763661439267e-05;72;55.41421356237309;0.7638888888888888;4645
1.2285714285714286;0.15132890365448504;0.0009700363505814498;6020;960.1808075912434;0.9325581395348838;4647
5.0;0.3;3.222712128177574e-06;19;17.207106781186546;0.8947368421052632;4649
1.0344827586206897;0.27241379310344827;0.00014018797757572448;870;222.53910524340097;0.8758620689655172;4660
1.0344827586206897;0.271264367816092;0.00014018797757572448;870;224.12489168102786;0.8850574712643678;4661
1.0;0.2611111111111111;0.00014502204576799082;900;229.05992052357226;0.8911111111111111;4662
1.0;0.26555555555555554;0.00014502204576799082;900;216.46803743153546;0.8911111111111111;4663
1.0;0.2677777777777778;0.00014502204576799082;900;236.19595949289334;0.89;4664
1.0;0.2577777777777778;0.00014502204576799082;900;221.5035713374682;0.8855555555555555;4665
1.0344827586206897;0.27011494252873564;0.00014018797757572448;870;225.0538238691624;0.8655172413793103;4667
2.5217391304347827;0.07721139430284858;0.0019345940905449977;12006;1307.9097756731278;0.9644344494419457;4709
1.0689655172413792;0.26362625139043383;0.00014486091016158194;899;234.78174593052023;0.8876529477196885;4710
1.0;0.26516052318668254;0.00013551504498986698;841;221.53910524340094;0.882282996432818;4711
1.0;0.2734839476813318;0.00013551504498986698;841;212.9177848998413;0.8680142687277052;4712
1.0;0.272294887039239;0.00013551504498986698;841;220.9177848998413;0.8870392390011891;4713
1.0689655172413792;0.25583982202447164;0.00014486091016158194;899;236.26702730475878;0.8854282536151279;4714
1.0344827586206897;0.26666666666666666;0.00014018797757572448;870;233.7462120245875;0.8781609195402299;4715
1.0344827586206897;0.267816091954023;0.00014018797757572448;870;227.91778489984128;0.8873563218390804;4716
1.0;0.26872770511296074;0.00013551504498986698;841;222.29646455628165;0.8703923900118906;4718
3.0;0.36;1.2085170480665902e-05;73;45.31370849898476;0.8767123287671232;4760
1.0344827586206897;0.2747126436781609;0.00014018797757572448;870;221.9177848998413;0.8781609195402299;4761
1.0;0.2794292508917955;0.00013551504498986698;841;218.46803743153546;0.8810939357907254;4762
1.0344827586206897;0.271264367816092;0.00014018797757572448;870;240.78174593052023;0.8781609195402299;4763
1.0344827586206897;0.2689655172413793;0.00014018797757572448;870;210.46803743153546;0.8793103448275862;4764
1.0344827586206897;0.27011494252873564;0.00014018797757572448;870;232.7462120245875;0.8827586206896552;4765
1.0689655172413792;0.26585094549499444;0.00014486091016158194;899;243.81727983645297;0.8921023359288098;4766
1.0;0.272294887039239;0.00013551504498986698;841;215.3319984622144;0.8703923900118906;4767
1.0;0.2794292508917955;0.00013551504498986698;841;215.8528137423857;0.8799048751486326;4768
1.0344827586206897;0.2689655172413793;0.00014018797757572448;870;225.1604255869606;0.8655172413793103;4769
3.0;0.38666666666666666;1.2085170480665902e-05;74;41.65685424949238;0.7972972972972973;4792
3.5;0.35714285714285715;2.255898489724302e-06;13;12.207106781186548;0.9230769230769231;4793
3.0;0.08373333333333334;0.0003021292620166476;1873;330.81727983645294;0.9647624132407902;4794
1.0;0.2688888888888889;0.00014502204576799082;900;247.36753236814715;0.8744444444444445;4795
1.0344827586206897;0.267816091954023;0.00014018797757572448;870;219.9177848998413;0.8804597701149425;4796
1.0344827586206897;0.2747126436781609;0.00014018797757572448;870;220.5035713374682;0.8770114942528736;4797
1.0;0.2644444444444444;0.00014502204576799082;900;228.05992052357223;0.8833333333333333;4798
1.0;0.2633333333333333;0.00014502204576799082;900;225.19595949289334;0.8822222222222222;4799
1.0;0.2677777777777778;0.00014502204576799082;900;234.26702730475878;0.8733333333333333;4800
1.0344827586206897;0.267816091954023;0.00014018797757572448;870;212.36753236814715;0.8827586206896552;4801
1.0344827586206897;0.2689655172413793;0.00014018797757572448;870;218.12489168102783;0.8827586206896552;4802
1.0;0.2644444444444444;0.00014502204576799082;900;237.53910524340094;0.8811111111111111;4803
3.0;0.08426666666666667;0.0003021292620166476;1875;324.05992052357226;0.9594666666666667;4849
1.0689655172413792;0.26696329254727474;0.00014486091016158194;899;211.05382386916236;0.8898776418242491;4850
1.0344827586206897;0.271264367816092;0.00014018797757572448;870;225.88225099390857;0.8735632183908046;4851
1.0344827586206897;0.26436781609195403;0.00014018797757572448;870;223.12489168102786;0.8896551724137931;4852
1.5806451612903225;0.17906517445687953;0.00024476498613508675;1519;348.3086578651014;0.9216589861751152;4853
1.0344827586206897;0.267816091954023;0.00014018797757572448;870;235.68124086713186;0.8804597701149425;4854
1.0344827586206897;0.271264367816092;0.00014018797757572448;870;224.98885271170678;0.8862068965517241;4855
1.0;0.2734839476813318;0.00013551504498986698;841;212.74621202458746;0.8680142687277052;4856
1.0344827586206897;0.2735632183908046;0.00014018797757572448;870;228.98885271170678;0.8747126436781609;4857
1.5217391304347827;0.1701863354037267;0.00012971416315914736;805;211.74621202458752;0.9267080745341615;4890
3.1538461538461537;0.039399624765478425;0.00034354111286372937;2130;290.3319984622144;0.984037558685446;4891
1.0344827586206897;0.2655172413793103;0.00014018797757572448;870;210.36753236814712;0.8781609195402299;4894
1.0344827586206897;0.27011494252873564;0.00014018797757572448;870;214.6812408671319;0.8781609195402299;4895
1.0;0.25666666666666665;0.00014502204576799082;900;238.16042558696057;0.8844444444444445;4896
1.0;0.26555555555555554;0.00014502204576799082;900;236.78174593052023;0.8833333333333333;4898
1.0;0.2633333333333333;0.00014502204576799082;900;233.98885271170678;0.8888888888888888;4899
1.0344827586206897;0.26436781609195403;0.00014018797757572448;870;227.95331880577405;0.8804597701149425;4900
1.0344827586206897;0.2655172413793103;0.00014018797757572448;870;223.5035713374682;0.8873563218390804;4901
1.0344827586206897;0.2689655172413793;0.00014018797757572448;870;225.81727983645297;0.8827586206896552;4902
1.1875;0.10855263157894737;4.898522434829913e-05;302;87.45584412271572;0.9602649006622517;4942
1.0344827586206897;0.27241379310344827;0.00014018797757572448;870;220.16042558696057;0.8793103448275862;4943
1.0344827586206897;0.2620689655172414;0.00014018797757572448;870;221.12489168102786;0.8770114942528736;4944
1.0;0.27586206896551724;0.00013551504498986698;841;210.675144212722;0.8787158145065398;4945
1.0344827586206897;0.26666666666666666;0.00014018797757572448;870;226.57463914933368;0.8885057471264368;4946
1.0344827586206897;0.27011494252873564;0.00014018797757572448;870;241.4030662740799;0.8666666666666667;4947
1.0344827586206897;0.27011494252873564;0.00014018797757572448;870;224.4386001800126;0.8701149425287357;4948
1.0;0.267538644470868;0.00013551504498986698;841;207.0538238691624;0.8703923900118906;4949
1.0344827586206897;0.26436781609195403;0.00014018797757572448;870;228.9177848998413;0.8885057471264368;4950
2.5;0.3;1.4502204576799084e-05;90;50.48528137423857;0.8777777777777778;4959
2.5;0.35555555555555557;1.4502204576799084e-05;89;52.3492424049175;0.8651685393258427;4991
1.0;0.27110582639714625;0.00013551504498986698;841;190.32590180780454;0.8620689655172413;4992
1.0;0.2746730083234245;0.00013551504498986698;841;214.61017305526642;0.8692033293697978;4993
1.0344827586206897;0.267816091954023;0.00014018797757572448;870;227.7462120245875;0.8908045977011494;4994
1.0344827586206897;0.2689655172413793;0.00014018797757572448;870;225.36753236814712;0.9011494252873563;4995
1.0344827586206897;0.271264367816092;0.00014018797757572448;870;229.5035713374682;0.8735632183908046;4996
1.0344827586206897;0.29540229885057473;0.00014018797757572448;870;254.8233764908628;0.8620689655172413;4997
1.0;0.27705112960760997;0.00013551504498986698;841;202.71067811865476;0.8680142687277052;4998
1.0344827586206897;0.26666666666666666;0.00014018797757572448;870;235.74621202458746;0.8862068965517241;4999
2.5517241379310347;0.07129543336439888;0.00034579701135345367;2146;343.9238815542511;0.9659832246039143;5000
2.5517241379310347;0.0750232991612302;0.00034579701135345367;2146;337.6101730552664;0.96784715750233;5022
1.0;0.27444444444444444;0.00014502204576799082;900;242.0243866176395;0.8855555555555555;5027
1.0344827586206897;0.2735632183908046;0.00014018797757572448;870;209.3319984622144;0.8747126436781609;5028
1.0344827586206897;0.2655172413793103;0.00014018797757572448;870;231.6812408671319;0.8839080459770114;5029
1.0;0.2644444444444444;0.00014502204576799082;900;236.57463914933368;0.8744444444444445;5030
1.0;0.2677777777777778;0.00014502204576799082;900;231.71677477306463;0.8911111111111111;5031
1.0;0.2688888888888889;0.00014502204576799082;900;243.61017305526642;0.8733333333333333;5032
1.0344827586206897;0.2689655172413793;0.00014018797757572448;870;215.29646455628165;0.8850574712643678;5033
1.0344827586206897;0.2747126436781609;0.00014018797757572448;870;229.98885271170678;0.8747126436781609;5034
2.4444444444444446;0.1111111111111111;3.1904850068957986e-05;198;77.17766952966369;0.9545454545454546;5073
1.0;0.27110582639714625;0.00013551504498986698;841;212.61017305526642;0.8834720570749108;5074
1.0;0.2794292508917955;0.00013551504498986698;841;228.2670273047588;0.8703923900118906;5075
1.0;0.27705112960760997;0.00013551504498986698;841;215.16042558696057;0.8727705112960761;5076
1.0344827586206897;0.26666666666666666;0.00014018797757572448;870;230.43860018001263;0.8816091954022989;5077
1.4107142857142858;0.1602622061482821;0.0007128639227528794;4424;730.6711395993652;0.9349005424954792;5078
1.0;0.27110582639714625;0.00013551504498986698;841;206.88225099390854;0.8882282996432818;5079
1.0;0.2794292508917955;0.00013551504498986698;841;199.29646455628165;0.8799048751486326;5080
1.0909090909090908;0.20959595959595959;0.0001914291004137479;1188;304.373629022557;0.9090909090909091;5081
2.1492537313432836;0.06685323383084577;0.0015546363306328617;9647;976.6244584051393;0.9712864102829896;5115
1.0344827586206897;0.2689655172413793;0.00014018797757572448;870;216.12489168102786;0.8816091954022989;5118
1.0344827586206897;0.2689655172413793;0.00014018797757572448;870;220.23149339882605;0.8827586206896552;5119
1.0;0.26;0.00014502204576799082;900;240.8528137423857;0.8877777777777778;5120
1.0;0.26555555555555554;0.00014502204576799082;900;244.61017305526642;0.8822222222222222;5123
1.0344827586206897;0.2655172413793103;0.00014018797757572448;870;238.4030662740799;0.8804597701149425;5124
1.0344827586206897;0.267816091954023;0.00014018797757572448;870;231.36753236814712;0.8770114942528736;5125
2.142857142857143;0.09947089947089947;0.00015227314805639036;945;203.66904755831214;0.964021164021164;5164
1.0344827586206897;0.267816091954023;0.00014018797757572448;870;213.57463914933368;0.8747126436781609;5171
1.0344827586206897;0.271264367816092;0.00014018797757572448;870;231.095454429505;0.8781609195402299;5172
1.4848484848484849;0.19666048237476808;0.0002605562755631569;1617;369.3147545195113;0.9084724799010513;5173
1.0;0.26222222222222225;0.00014502204576799082;900;217.29646455628165;0.8844444444444445;5174
1.0;0.27;0.00014502204576799082;900;229.8528137423857;0.8811111111111111;5175
1.0344827586206897;0.2689655172413793;0.00014018797757572448;870;226.71677477306463;0.8827586206896552;5176
1.0344827586206897;0.271264367816092;0.00014018797757572448;870;215.8528137423857;0.8747126436781609;5177
2.142857142857143;0.2857142857142857;1.6919238672932263e-05;105;51.69238815542512;0.8761904761904762;5178
2.28125;0.06763698630136987;0.00037641277657114063;2335;317.1959594928933;0.9755888650963598;5217
1.0;0.26555555555555554;0.00014502204576799082;900;234.23149339882605;0.8811111111111111;5218
1.0344827586206897;0.2689655172413793;0.00014018797757572448;870;235.23149339882605;0.8770114942528736;5219
1.0;0.27824019024970276;0.00013551504498986698;841;227.6812408671319;0.8775267538644471;5220
1.0344827586206897;0.267816091954023;0.00014018797757572448;870;212.33199846221441;0.8781609195402299;5221
1.0689655172413792;0.26585094549499444;0.00014486091016158194;899;239.19595949289334;0.882091212458287;5222
1.0344827586206897;0.26666666666666666;0.00014018797757572448;870;225.2609306503489;0.8724137931034482;5223
1.0344827586206897;0.271264367816092;0.00014018797757572448;870;207.01828996322962;0.8770114942528736;5224
1.5273972602739727;0.12003194299404141;0.005246253073460273;32558;3749.062371502124;0.94674120031943;5232
1.9333333333333333;0.20689655172413793;7.009398878786224e-05;435;133.73401871576772;0.9126436781609195;5252
1.5555555555555556;0.24603174603174602;2.0303086407518715e-05;125;59.14213562373095;0.92;5258
1.4736842105263157;0.6766917293233082;8.572414260952347e-05;530;214.63961030678928;0.7264150943396226;5259
1.0344827586206897;0.271264367816092;0.00014018797757572448;870;224.4030662740799;0.8804597701149425;5269
1.0344827586206897;0.267816091954023;0.00014018797757572448;870;231.3319984622144;0.8827586206896552;5270
1.0;0.2588888888888889;0.00014502204576799082;900;237.57463914933368;0.8877777777777778;5271
1.0;0.2633333333333333;0.00014502204576799082;900;230.98885271170676;0.8955555555555555;5272
1.0344827586206897;0.26436781609195403;0.00014018797757572448;870;222.95331880577405;0.8862068965517241;5273
1.0344827586206897;0.2747126436781609;0.00014018797757572448;870;220.67514421272202;0.8827586206896552;5274
1.196078431372549;0.05818064930890389;0.0005012928715380216;3110;336.2609306503489;0.9755627009646303;5315
1.5;0.18930041152263374;7.831190471471505e-05;485;141.35533905932738;0.9216494845360824;5322
1.0;0.267538644470868;0.00013551504498986698;841;210.88225099390854;0.8727705112960761;5325
1.0;0.26872770511296074;0.00013551504498986698;841;238.1959594928933;0.8739595719381689;5326
1.0689655172413792;0.25583982202447164;0.00014486091016158194;899;237.23149339882605;0.8754171301446051;5327
1.0689655172413792;0.26028921023359286;0.00014486091016158194;899;238.33199846221441;0.8754171301446051;5328
1.0689655172413792;0.26028921023359286;0.00014486091016158194;899;243.61017305526642;0.8743047830923248;5329
1.0344827586206897;0.267816091954023;0.00014018797757572448;870;226.02438661763952;0.8758620689655172;5331
1.0;0.2794292508917955;0.00013551504498986698;841;200.0893577750951;0.8763376932223543;5377
1.0344827586206897;0.2689655172413793;0.00014018797757572448;870;222.57463914933368;0.8988505747126436;5378
1.0344827586206897;0.267816091954023;0.00014018797757572448;870;230.0243866176395;0.8793103448275862;5379
1.0344827586206897;0.27011494252873564;0.00014018797757572448;870;217.84671708797583;0.8666666666666667;5380
2.0;0.3163265306122449;1.579128942807011e-05;97;47.692388155425114;0.9072164948453608;5397
1.1904761904761905;0.18095238095238095;8.459619336466132e-05;524;136.94112549695427;0.9236641221374046;5398
1.0;0.2633333333333333;0.00014502204576799082;900;227.78174593052023;0.8855555555555555;5411
1.0;0.2644444444444444;0.00014502204576799082;900;240.12489168102786;0.8844444444444445;5412
1.0;0.2644444444444444;0.00014502204576799082;900;247.8528137423857;0.8811111111111111;5413
1.0;0.2677777777777778;0.00014502204576799082;900;234.88834764831844;0.8788888888888889;5414
1.0344827586206897;0.2689655172413793;0.00014018797757572448;870;218.53910524340094;0.8908045977011494;5416
1.9090909090909092;0.19913419913419914;3.722232508045098e-05;230;81.17766952966369;0.9478260869565217;5442
1.1818181818181819;0.2517482517482518;2.3042391716469656e-05;143;66.55634918610404;0.8671328671328671;5444
1.0;0.17958412098298676;8.524073579029683e-05;525;120.24873734152916;0.9428571428571428;5460
1.6585365853658536;0.09074605451936872;0.00044924607066795384;2787;386.9655121145938;0.9630426982418371;5463
1.528301886792453;0.13487071977638015;0.0006917551583133163;4293;658.7888886054566;0.9396692289774051;5467
1.0;0.27705112960760997;0.00013551504498986698;841;211.5035713374682;0.8810939357907254;5468
1.3396226415094339;0.20515546106829657;0.0006063532869166106;3763;746.5767311903868;0.8998139782088759;5469
1.1132075471698113;0.053725615606012155;0.0005038710412405637;3124;361.20205614730315;0.9791933418693982;5501
1.5555555555555556;0.35714285714285715;2.0303086407518715e-05;126;52.31370849898475;0.8492063492063492;5519
1.0;0.2633333333333333;0.00014502204576799082;900;237.0243866176395;0.88;5523
1.2857142857142858;0.1763668430335097;9.136388883383422e-05;565;146.52691193458116;0.9292035398230089;5533
23.5;0.24468085106382978;1.5146747002434598e-05;94;88.20710678118655;0.9361702127659575;5553
1.95;0.2419871794871795;0.0005027430919957016;3117;637.309703885628;0.888354186717998;5574
2.142857142857143;0.29523809523809524;1.6919238672932263e-05;102;50.9350288425444;0.8431372549019608;5575
2.4705882352941178;0.14052287581699346;0.0010354574067834546;6426;1081.097546470558;0.9239028944911298;5582
1.1904761904761905;0.18857142857142858;8.459619336466132e-05;524;146.35533905932738;0.916030534351145;5590
4.333333333333333;0.10968660968660969;0.0002262343913980657;1404;310.8528137423857;0.9515669515669516;5600
1.5;0.18106995884773663;7.831190471471505e-05;482;135.24873734152916;0.9315352697095436;5614
1.0416666666666667;0.7783333333333333;9.668136384532722e-05;600;184.7401153701776;0.45;5642
2.142857142857143;0.2857142857142857;1.6919238672932263e-05;104;54.520815280171306;0.8557692307692307;5663
18.8;0.3425531914893617;7.5733735012173e-05;465;226.8700576850888;0.8086021505376344;5695
3.5;0.5;9.023593958897208e-06;55;36.071067811865476;0.8181818181818182;5699
1.7058823529411764;0.18052738336713997;7.94398539595772e-05;493;145.73401871576772;0.9188640973630832;5710
1.1363636363636365;0.17636363636363636;8.862458352488329e-05;550;149.97665940288704;0.9181818181818182;5723
2.3076923076923075;0.22564102564102564;6.28428864994627e-05;389;138.01219330881975;0.9048843187660668;5790
3.3;0.26666666666666666;5.317475011492997e-05;330;137.35533905932738;0.8787878787878788;5843
4.571428571428571;0.4017857142857143;3.609437583558883e-05;222;102.04163056034261;0.8378378378378378;5868
4.571428571428571;0.19642857142857142;0.00014437750334235532;895;250.77564927611033;0.911731843575419;5874
9.8;0.46938775510204084;3.947822357017528e-05;244;143.9350288425444;0.7459016393442623;5876
10.333333333333334;0.8279569892473119;1.4985611396025719e-05;90;50.656854249492376;0.6111111111111112;5882
8.0;0.625;2.0625357620336474e-05;126;74.89949493661166;0.6904761904761905;5883
9.8;0.6;3.947822357017528e-05;238;136.72792206135784;0.680672268907563;5887
2.1666666666666665;0.6509971509971509;0.00011311719569903285;701;292.82337649086287;0.7417974322396577;5891
2.1538461538461537;0.7307692307692307;5.8653360732831846e-05;361;134.91168824543144;0.5872576177285319;5896
4.0;0.5;3.158257885614022e-05;195;95.9350288425444;0.8051282051282052;5898
1.4285714285714286;0.44603174603174606;0.00010151543203759359;630;218.01828996322962;0.8015873015873016;5901
1.8666666666666667;0.4;6.767695469172905e-05;418;177.98275605729688;0.8181818181818182;5906
1.0419580419580419;0.042051907823719904;0.0034333163657539784;21307;1481.2091988222396;0.9733890270803023;5908
4.0;0.37755102040816324;3.158257885614022e-05;195;78.97056274847714;0.8256410256410256;5909
4.0;0.37755102040816324;3.158257885614022e-05;196;81.79898987322333;0.826530612244898;5910
2.230769230769231;0.6047745358090185;6.074812361614727e-05;377;176.49747468305833;0.7347480106100795;5911
1.9285714285714286;0.4470899470899471;6.090925922255615e-05;378;169.32590180780454;0.8227513227513228;5912
1.5;1.0;3.867254553813089e-06;23;12.242640687119286;0.6086956521739131;5917
1.9285714285714286;0.47354497354497355;6.090925922255615e-05;374;154.01219330881975;0.7887700534759359;5924
