1,0.37222222222222223,0.00020448155405981084,900,246.81727983645297,0.8344444444444444,0
1.0344827586206897,0.26436781609195403,8.252475671559436e-05,870,217.71067811865476,0.878161,0
1.5384615384615385,0.34615384615384615,5.9072448950612024e-05,257,79.11269837220809,0.8132295719844358,1
1.5384615384615385,0.3346153846153846,5.9072448950612024e-05,251,88.31980515339464,0.8725099601593626,1
3.142857142857143,0.2987012987012987,3.4989065916900966e-05,154,74.5918830920368,0.8766233766233766,0
1.1428571428571428,1,9.248225001387234e-06,50,24.27817459305202,0.48,1
10,1,9.088069069324928e-06,38,12.035533905932738,0.3684210526315789,1
5,0.26666666666666666,4.268521899082467e-06,44,30.035533905932738,0.9090909090909091,0
1.6153846153846154,0.25274725274725274,6.202607139814263e-05,267,89.2842712474619,0.8876404494382022,1
2,0.43388429752066116,2.295516221284349e-05,232,76.79898987322332,0.7931034482758621,1
1.1428571428571428,0.25,9.248225001387234e-06,56,33.82842712474619,0.8214285714285714,0
2,0.4380165289256198,2.295516221284349e-05,242,93.24873734152916,0.8264462809917356,1
1,0.2677777777777778,8.537043798164934e-05,900,239.02438661763955,0.8777777777777778,0
5.5,0.42045454545454547,1.999375195251484e-05,88,48.86396103067892,0.7840909090909091,0
1.1428571428571428,0.25,9.248225001387234e-06,56,31.485281374238568,0.875,0
1.4473684210526316,0.6004784688995215,0.0003784519251976189,1985,506.8711037056153,0.6095717884130982,1
1.3571428571428572,0.42951127819548873,0.00017571627502635745,1064,390.7289680818844,0.8129699248120301,1
1,0.234375,1.056940000158541e-05,64,38.242640687119284,0.90625,0
1.3333333333333333,1,1.1382725064219912e-06,8,3.2071067811865475,0.625,1
1.5384615384615385,0.34615384615384615,5.9072448950612024e-05,260,89.76955262170048,0.8269230769230769,1
1.3103448275862069,0.4401088929219601,0.00018199185627729877,1102,384.2375900532359,0.7985480943738656,1
1.5,0.3333333333333333,6.679730765953822e-05,294,101.39087296526012,0.8537414965986394,1
1,0.2152777777777778,0.00021403035003210455,1296,372.80003589374985,0.9143518518518519,0
1.0769230769230769,0.3516483516483517,4.1350714265428415e-05,182,71.2842712474619,0.8626373626373627,1
2.4166666666666665,0.3994252873563218,3.3009902686237745e-05,347,141.83452377915606,0.7550432276657061,1
2.230769230769231,0.40848806366047746,3.576072791009089e-05,377,135.31980515339464,0.8355437665782494,1
1.4285714285714286,0.42063492063492064,5.975930658715454e-05,630,213.0893577750951,0.792063492063492,1
2,1,1.9919768862384846e-06,20,10.207106781186548,0.6,1
1.8461538461538463,0.48717948717948717,2.9595085166971772e-05,312,127.97665940288702,0.75,1
2.4166666666666665,0.3994252873563218,3.3009902686237745e-05,347,148.698484809835,0.7521613832853026,1
1.8,0.4740740740740741,3.8416697091742206e-05,404,173.0538238691624,0.8193069306930693,1
1.5555555555555556,0.48059964726631393,0.0002053418579780382,1134,357.9005409571382,0.7619047619047619,1
1,0.2183641975308642,0.00021403035003210455,1296,348.208152801713,0.9158950617283951,0
1.6470588235294117,0.4726890756302521,4.5151476088072315e-05,476,204.8111831820431,0.7773109243697479,1
1,0.2677777777777778,8.537043798164934e-05,900,233.23149339882605,0.88,0
7.333333333333333,0.5151515151515151,1.4995313964386129e-05,64,31.242640687119284,0.671875,0
1.5,0.4960552268244576,0.00018361256083750506,997,260.12489168102786,0.7171514543630892,1
1,0.21450617283950618,0.00021403035003210455,1296,355.9360748630709,0.9066358024691358,0
1.4615384615384615,0.12550607287449392,5.611882650308142e-05,246,84.21320343559643,0.943089430894309,0
4,0,0.00015882739999546208,714,267.4680374315355,0.836,1
1.4615384615384615,0.3360323886639676,5.611882650308142e-05,246,78.62741699796952,0.8252032520325203,1
1.0833333333333333,0.3938746438746439,0.0002542327765442378,1403,438.38582233137674,0.8232359230220955,1
1.0689655172413792,0.25917686318131256,8.52755819394475e-05,899,234.63961030678928,0.8743047830923248,0
1.25,0.85,4.544034534662464e-06,16,7.035533905932738,0.6875,1
1.0285714285714285,0.2261904761904762,0.00020808506253121276,1260,346.86500705120545,0.9047619047619048,0
2.6363636363636362,0.48589341692789967,3.02590774623846e-05,318,118.00609665440987,0.7955974842767296,1
1.5,0.336734693877551,6.679730765953822e-05,292,99.2193000900063,0.8253424657534246,1
1.4,0.8285714285714286,3.319961477064141e-06,33,23.27817459305202,0.6666666666666666,1
2.6666666666666665,0.42833333333333334,9.908812501486322e-05,597,208.76955262170048,0.7822445561139029,1
1.25,0.85,4.544034534662464e-06,20,11.207106781186548,0.75,1
2.1818181818181817,0.5833333333333334,2.5041995141283806e-05,264,121.2193000900063,0.7348484848484849,1
1.0333333333333334,0.3688172043010753,0.00021129760586180454,930,279.8589103967956,0.8419354838709677,0
3.8333333333333335,0.30434782608695654,3.1353838289171e-05,136,67.31370849898477,0.8529411764705882,0
1.8333333333333333,0.6515151515151515,2.5041995141283806e-05,264,119.80508652763321,0.7348484848484849,1
3.142857142857143,0.564935064935065,1.460783049908222e-05,152,70.00609665440987,0.75,1
1,0.234375,1.056940000158541e-05,64,40.31370849898476,0.875,0
1,0.234375,1.056940000158541e-05,64,37.65685424949238,0.890625,0
1.9166666666666667,0.6195652173913043,2.6180267647705797e-05,276,129.80508652763322,0.7355072463768116,1
1.3333333333333333,1,1.1382725064219912e-06,8,3.414213562373095,0.625,1
1.4642857142857142,0.4930313588850174,0.0001895886125284383,1148,403.24978336205567,0.759581881533101,1
2.2,0.2318181818181818,4.99843798812871e-05,220,92.62741699796952,0.8954545454545455,0
2.3333333333333335,0.3244047619047619,3.1871630179815754e-05,336,133.5269119345812,0.8690476190476191,1
1,0.21604938271604937,0.00021403035003210455,1296,356.6223663640862,0.9097222222222222,0
3,0.6666666666666666,3.4148175192659735e-05,360,162.91168824543144,0.7388888888888889,1
1.0625,0.17279411764705882,6.17988696714095e-05,272,80.72792206135784,0.9375,0
1.0285714285714285,0.22063492063492063,0.00020808506253121276,1260,362.79393923934,0.8944444444444445,0
2.230769230769231,0.5384615384615384,3.576072791009089e-05,377,156.8050865276332,0.7506631299734748,1
1.0333333333333334,0.3580645161290323,0.00021129760586180454,930,269.7167747730646,0.8516129032258064,0
1,0.234375,1.056940000158541e-05,64,38.242640687119284,0.90625,0
2,0.43388429752066116,2.295516221284349e-05,241,89.04163056034261,0.7925311203319502,1
3.375,0.26851851851851855,4.907557297435461e-05,212,90.17766952966369,0.8962264150943396,0
1.4444444444444444,0.6286799620132953,0.00019067458240817832,1053,325.75840533340727,0.6486229819563153,1
1.0344827586206897,0.27011494252873564,8.252475671559436e-05,870,222.3319984622144,0.8781609195402299,0
1.0689655172413792,0.26140155728587317,8.52755819394475e-05,899,229.4030662740799,0.8743047830923248,0
1,0.2644444444444444,8.537043798164934e-05,900,243.88834764831844,0.8755555555555555,0
1.6153846153846154,0.29304029304029305,6.202607139814263e-05,272,84.18376618407356,0.8566176470588235,1
2,0.5520833333333334,2.7318540154127788e-05,288,132.976659402887,0.7395833333333334,1
1.4285714285714286,0.35714285714285715,6.361648348527449e-05,280,108.11879502661796,0.8642857142857143,1
1,0.234375,1.056940000158541e-05,64,43.86396103067893,0.890625,0
11,0.7272727272727273,9.99687597625742e-06,42,14,0.40476190476190477,0
1,0.36777777777777776,0.00020448155405981084,900,222.22539674441617,0.8288888888888889,0
1.0263157894736843,0.08771929824561403,0.00014057665454311592,1482,304.8944443027283,0.9595141700404858,0
1.6153846153846154,0.32967032967032966,6.202607139814263e-05,273,101.39087296526012,0.8644688644688645,1
1.7692307692307692,0.5418060200668896,2.8361956618347946e-05,299,125.63351365237939,0.745819397993311,1
1.5,0.30612244897959184,6.679730765953822e-05,294,83.31980515339464,0.8163265306122449,1
1.0333333333333334,0.36236559139784946,0.00021129760586180454,930,287.1370849898476,0.8354838709677419,0
1.4285714285714286,0.35,6.361648348527449e-05,278,92.66904755831214,0.8237410071942446,1
1.5555555555555556,0.5634920634920635,0.0002053418579780382,1134,425.770598642227,0.7768959435626103,1
1,0.2699167657550535,7.977393149174121e-05,841,217.19595949289334,0.8668252080856124,0
1,0.3485952133194589,0.00021834085939053137,961,277.7167747730646,0.8335067637877211,0
10,1,9.088069069324928e-06,38,11.449747468305832,0.3684210526315789,1
1.5384615384615385,0.4076923076923077,5.9072448950612024e-05,259,101.01219330881975,0.7992277992277992,1
1,0.2632183908045977,8.252475671559436e-05,870,217.67514421272202,0.8942528735632184,0
1.5205479452054795,0.13501172405281994,0.001841015591718497,8019,760.2558800164657,0.9191919191919192,0
1.5,0.5857988165680473,0.00016745893127511884,1014,363.96551211459376,0.7642998027613412,1
1,0.2175925925925926,0.00021403035003210455,1296,345.5512985522207,0.9089506172839507,0
1,0.2688888888888889,8.537043798164934e-05,900,245.4030662740799,0.8877777777777778,0
2.7777777777777777,0.044444444444444446,0.00014863218752229483,899,175.35533905932738,0.9844271412680756,0
1.0333333333333334,0.36129032258064514,0.00021129760586180454,930,266.8528137423857,0.8397849462365592,0
3,0.18666666666666668,7.114203165137445e-06,74,38.24264068711929,0.9459459459459459,0
7.571428571428571,0.14285714285714285,3.51915916568799e-05,371,182.62741699796953,0.9245283018867925,0
1.1428571428571428,0.25,9.248225001387234e-06,56,34.242640687119284,0.8571428571428571,0
1,0.26666666666666666,8.252475671559436e-05,870,228.74621202458752,0.8770114942528736,0
1.03,0.27,8.252475671559436e-05,870,229.63961030678928,0.8839,0
1.0285714285714285,0.22142857142857142,0.00020808506253121276,1260,371.48632739476506,0.8992063492063492,0
1.8181818181818181,0.13636363636363635,4.99843798812871e-05,220,82.10660171779821,0.95,0
1,0.234375,1.056940000158541e-05,64,36.03553390593274,0.90625,0
1,0.21604938271604937,0.00021403035003210455,1296,348.92997820866105,0.9027777777777778,0
1.8461538461538463,0.5865384615384616,2.9595085166971772e-05,312,139.4619407771256,0.753205,1
1.2,0.2,4.954406250743161e-06,29,19.035533905932738,0.8275862068965517,0
2,0.5663265306122449,3.718356854311838e-05,392,166.29036790187178,0.6964285714285714,1
1.83,0.69,2.5041995141283806e-05,264,118.25483399593904,0.7196969696969697,1
1.0333333333333334,0.3634408602150538,0.00021129760586180454,930,265.58073580374355,0.8365591397849462,0
1,0.2175925925925926,0.00021403035003210455,1296,372.69343417595167,0.8996913580246914,0
1.0588235294117647,0.16339869281045752,6.952372838033569e-05,305,92.38477631085024,0.9442622950819672,0
2.3076923076923075,0.5666666666666667,3.6993856458714716e-05,389,158.73401871576772,0.7532133676092545,1
1.2857142857142858,1,1.0404253126560638e-05,50,9.621320343559642,0.36,1
1,0.5157407407407407,0.00024024312604355608,1080,345.6579002700189,0.7907407407407407,1
1.0285714285714285,0.21984126984126984,0.00020808506253121276,1260,340.51576464628795,0.9063492063492063,0
2,1,7.588483376146608e-07,7,5.207106781186548,0.8571428571428571,1
1,0.234375,1.056940000158541e-05,64,36.071067811865476,0.890625,0
1,0.234375,1.056940000158541e-05,64,37.65685424949238,0.890625,0
1.4615384615384615,0.12550607287449392,5.611882650308142e-05,247,83.38477631085024,0.9433198380566802,0
1.75,0.20238095238095238,5.725483513674704e-05,250,92.38477631085024,0.916,0
1.5,1,2.2765450128439823e-06,21,12.6568542494924,0.6190476190476191,1
1.9166666666666667,0.5833333333333334,2.6180267647705797e-05,276,116.25483399593904,0.7391304347826086,1
1.56,0.5456410256410257,0.00017655053926683177,975,289.6690475583121,0.717948717948718,1
1.5,0.5130208333333334,6.953375084970606e-05,384,147.8111831820431,0.7421875,1
1,0.37222222222222223,0.00020448155405981084,900,246.33199846221441,0.8355555555555556,0
1,0.234375,1.056940000158541e-05,64,37.44974746830583,0.90625,0
1.7272727272727273,0.3397129186602871,4.7485160887222744e-05,209,98.2842712474619,0.8516746411483254,1
1.6153846153846154,0.2893772893772894,6.202607139814263e-05,271,83.56244584051393,0.8745387453874539,1
4.529411764705882,0.054239877769289534,0.00012416655924219887,1308,246.77564927611033,0.9732415902140673,0
1.1111111111111112,0.4876543209876543,0.00013376896877006535,809,284.7878425849301,0.796044499381953,1
1,0.234375,1.056940000158541e-05,64,32.82842712474619,0.90625,0
1.4285714285714286,0.46964285714285714,0.0001849645000277447,1120,393.69953083036154,0.7883928571428571,1
2.1538461538461537,0.6071428571428571,3.452759936146706e-05,364,162.118795026618,0.6978021978021978,1
2,0.43388429752066116,2.295516221284349e-05,215,82.00609665440987,0.7953488372093023,1
1,0.234375,1.056940000158541e-05,64,41.72792206135786,0.890625,0
1.1428571428571428,0.25,9.248225001387234e-06,56,28.414213562373096,0.9107142857142857,0
2.3333333333333335,0.4107142857142857,3.1871630179815754e-05,336,141.4558441227157,0.8214285714285714,1
1.0344827586206897,0.27011494252873564,8.252475671559436e-05,870,211.01828996322962,0.8793103448275862,0
2.4545454545454546,0.4208754208754209,2.8172244533944282e-05,297,130.2842712474619,0.8114478114478114,1
3.6,0.34444444444444444,2.0448155405981084e-05,89,44.27817459305202,0.8651685393258427,0
1,1,1.056940000158541e-05,62,24.242640687119284,0.45161290322580644,1
1.5185185185185186,0.49232158988256547,0.00018281759065242264,1107,371.00104602052653,0.7895212285456188,1
7.333333333333333,0.5454545454545454,1.4995313964386129e-05,64,35.48528137423857,0.765625,0
2.7857142857142856,0.44871794871794873,9.88683019894258e-05,544,181.21320343559643,0.8088235294117647,1
1.0285714285714285,0.22142857142857142,0.00020808506253121276,1260,351.3502884254441,0.9134920634920635,0
1,0.641941391941392,0.0002429124941107067,1092,426.5218613006979,0.7417582417582418,1
1,0.234375,1.056940000158541e-05,64,39.071067811865476,0.875,0
4,0.2569444444444444,3.2717048649569736e-05,138,67.72792206135786,0.9130434782608695,0
1.4285714285714286,0.35714285714285715,6.361648348527449e-05,280,108.8761543394987,0.8464285714285714,1
7.666666666666667,0.5072463768115942,1.56769191445855e-05,67,40.44974746830583,0.7761194029850746,0
1.4444444444444444,0.49572649572649574,0.00017389965940108496,1053,357.96551211459376,0.7654320987654321,1
2.7857,0.44871794871794873,0.00012145624705535335,544,183.31980515339464,0.8382352941176471,1
1,0.234375,1.056940000158541e-05,64,38.27817459305203,0.890625,0
1.0344827586206897,0.27011494252873564,8.252475671559436e-05,870,217.4386001800130,0.8793103448275862,0
1,0.234375,1.056940000158541e-05,64,40.27817459305203,0.875,0
1.1428571428571428,0.25,9.248225001387234e-06,56,32.242640687119284,0.9107142857142857,0
11,0.7272727272727273,9.99687597625742e-06,39,19.82842712474619,0.5128205128205128,0
2.1538461538461537,0.5796703296703297,3.452759936146706e-05,364,145.25483399593904,0.7307692307692307,1
1,0.234375,1.056940000158541e-05,64,34.207106781186546,0.890625,0
1,0.34963579604578565,0.00021834085939053137,961,298.82337649086287,0.850156087408949,0
1.5,0.3299319727891156,6.679730765953822e-05,292,79.90559159102153,0.8801369863013698,1
1.3571428571428572,0.18421052631578946,6.043565931101076e-05,265,85.3492424049175,0.9169811320754717,0
2,1,7.588483376146608e-07,7,5.207106781186548,0.8571428571428571,1
1.4642857142857142,0.47909407665505227,0.0001895886125284383,1148,401.5929291125633,0.7761324041811847,1
1,0.36666666666666664,0.00020448155405981084,900,247.84671708797583,0.8188888888888889,0
1.6666666666666667,0.42916666666666664,2.2765450128439825e-05,240,105.97665940288702,0.8291666666666667,0
1.0689655172413792,0.26140155728587317,8.52755819394475e-05,899,228.57463914933368,0.8876529477196885,0
1.75,0.21428571428571427,4.624112500693617e-06,28,19.414213562373096,0.9642857142857143,0
2,1,7.588483376146608e-07,7,0,0.5714285714285714,1
1.125,0.16319444444444445,6.543409729913947e-05,286,97.83452377915606,0.9370629370629371,0
1.5,0.5867850098619329,0.00018361256083750506,1011,363.06601717798213,0.7804154302670623,1
1.4444444444444444,0.5147198480531814,0.00019067458240817832,1053,341.6579002700189,0.7378917378917379,1
11,0.7272727272727273,9.99687597625742e-06,36,26.414213562373096,0.75,0
1,0.21604938271604937,0.00021403035003210455,1296,357.3147545195113,0.9050925925925926,0
1,0.234375,1.056940000158541e-05,64,36.44974746830583,0.890625,0
1.5,0.3611111111111111,4.907557297435461e-05,216,100.24873734152916,0.8564814814814815,1
2,1,0.000246249204194645,1107,372.4863273947651,0.7904245709123758,1
1.0810810810810811,0.030405405405405407,0.0002444173750366626,1480,196.42640687119285,0.9871621621621621,0
1.5714285714285714,0.5811688311688312,2.921566099816444e-05,308,140.01219330881975,0.75,1
1.6666666666666667,0.42916666666666664,2.2765450128439825e-05,238,107.31980515339464,0.8361344537815126,1
1.3571428571428572,0.18421052631578946,6.043565931101076e-05,265,81.14213562373095,0.9358490566037736,0
1.5384615384615385,0.28846153846153844,5.9072448950612024e-05,260,72.80508652763322,0.8884615384615384,1
2.3333333333333335,0.3244047619047619,3.1871630179815754e-05,336,136.94112549695427,0.8571428571428571,1
1.0204081632653061,0.02122448979591837,0.00023239730339448986,2449,200.656854249492,0.986116782360147,0
1.8333333333333333,0.6515151515151515,2.5041995141283806e-05,264,115.76955262170048,0.7348484848484849,1
2.25,0.4074074074074074,3.073335767339376e-05,324,136.07716446627535,0.8271604938271605,1
3.5,0.8392857142857143,5.311938363302626e-06,56,29.242640687119284,0.6428571428571429,1
1,0.2688888888888889,8.537043798164934e-05,900,245.4030662740799,0.8877777777777778,0
1.0344827586206897,0.2632183908045977,8.252475671559436e-05,870,233.16042558696057,0.8885057471264368,0
1,0.21450617283950618,0.00021403035003210455,1296,357.4863273947651,0.9112654320987654,0
1.0689655172413792,0.26028921023359286,8.52755819394475e-05,899,241.81727983645294,0.8798665183537263,0
2,0.21074380165289255,5.4982817869415804e-05,242,100.04163056034261,0.9008264462809917,0
1,0.234375,1.056940000158541e-05,64,41.69238815542512,0.875,0
2.7857142857142856,0.5146520146520146,9.017019376352553e-05,546,194.59797974644664,0.7289377289377289,1
1.5,0.591715976331361,0.00016745893127511884,1013,353.0304832720494,0.7255676209279368,1
2,0.4297520661157025,2.295516221284349e-05,242,82.79898987322332,0.743801652892562,1
1,0.26,8.252475671559436e-05,870,223.88225099390854,0.8873563218390804,0
1,0.234375,1.056940000158541e-05,64,37.69238815542512,0.90625,0
7.333333333333333,0.5909090909090909,1.4995313964386129e-05,65,33.48528137423857,0.6153846153846154,0
1.9166666666666667,0.6123188405797102,2.6180267647705797e-05,276,134.66904755831212,0.717391304347826,1
1,0.234375,1.056940000158541e-05,64,39.48528137423857,0.875,0
2.090909090909091,0.5889328063241107,2.3998578677063647e-05,253,117.6335136523794,0.7272727272727273,1
2.230769230769231,0.6047745358090185,3.576072791009089e-05,377,159.98275605729688,0.7559681697612732,1
1.0333333333333334,0.3548387096774194,0.00021129760586180454,930,249.3380951166243,0.8290322580645161,0
1.0344827586206897,0.2632183908045977,8.252475671559436e-05,870,234.7106781186550,0.867816091954023,0
2,0.1760204081632653,3.718356854311838e-05,392,130.91168824543144,0.9362244897959183,0
1.8333333333333333,0.6477272727272727,2.5041995141283806e-05,264,129.08326112068522,0.7196969696969697,1
3.5,0.2857142857142857,2.3120562503468085e-06,14,13,0.9285714285714286,0
1.5185185185185186,0.4859981933152665,0.00018281759065242264,1107,395.5218613006978,0.7768744354110207,1
1.1224489795918366,0.4987012987012987,0.0004450708281917606,2690,710.58787847868,0.7185873605947956,1
1.6666666666666667,0.2708333333333333,5.452841441594956e-05,237,80.4558441227157,0.8734177215189873,1
2.5454545454545454,0.487012987012987,2.921566099816444e-05,307,96.698484809835,0.7198697068403909,1
2.6842105263157894,0.04953560371517028,0.0001600273218990041,968,179.80508652763325,0.9834710743801653,0
1.6153846153846154,0.2893772893772894,6.202607139814263e-05,271,88.94112549695429,0.8856088560885609,1
2.1,0.23333333333333334,4.7712362613955864e-05,210,88.38477631085024,0.8904761904761904,0
1.6153846153846154,0.3076923076923077,6.202607139814263e-05,273,90.39087296526012,0.8534798534798534,1
1.3103448275862069,0.44918330308529947,0.00018199185627729877,1102,382.2081528017131,0.7985480943738656,1
1.0344827586206897,0.27241379310344827,8.252475671559436e-05,870,217.61017305526644,0.8885057471264368,0
1.1428571428571428,0.04600694444444445,0.0007649191243155781,8063,566.8122292025696,0.9818925958080119,0
2,0.61,2.8361956618347946e-05,297,129.97665940288704,0.7441077441077442,1
1.21875,0.3076923076923077,0.0002061033000309155,1246,325.75230867899734,0.8523274478330658,1
2.2,0.22727272727272727,4.99843798812871e-05,217,93.00609665440987,0.9078341013824884,0
1.8125,0.4331896551724138,4.4013203581650324e-05,464,177.9827560572969,0.8168103448275862,1
1,0.234375,1.056940000158541e-05,64,40.65685424949238,0.90625,0
1.1666666666666667,0.7142857142857143,3.983953772476969e-06,41,24.071067811865476,0.8048780487804879,1
1,0.21450617283950618,0.00021403035003210455,1296,362.86500705120545,0.9104938271604939,0
1.6153846153846154,0.5494505494505495,2.58956995211003e-05,271,132.32590180780454,0.7416974169741697,1
1.0344827586206897,0.26436781609195403,8.252475671559436e-05,870,216.43250352560273,0.87126437,0
1,0.234375,1.056940000158541e-05,64,36.44974746830583,0.875,0
2,0.4380165289256198,2.295516221284349e-05,239,87.42031021678297,0.7866108786610879,1
1.5384615384615385,0.3269230769230769,5.9072448950612024e-05,259,71.79898987322333,0.806949806949807,1
1.6666666666666667,0.42916666666666664,2.2765450128439825e-05,238,104.83452377915606,0.8319327731092437,1
1.7692307692307692,0.5585284280936454,2.8361956618347946e-05,299,132.9411254969543,0.7591973244147158,1
1,0.234375,1.056940000158541e-05,64,39.10660171779821,0.921875,0
1.625,0.43162393162393164,8.878525550091532e-05,936,315.3797256769669,0.8034188034188035,1
2,0.20987654320987653,3.6806679730765956e-05,160,73.97056274847714,0.925,0
1.1428571428571428,0.25,9.248225001387234e-06,56,29.242640687119287,0.9107142857142857,0
1.0285714285714285,0.22063492063492063,0.00020808506253121276,1260,358.9005409571382,0.9031746031746032,0
1,0.234375,1.056940000158541e-05,64,38.69238815542512,0.890625,0
1.125,1,1.1890575001783586e-05,68,30.52081528017131,0.5588235294117647,1
1.4444444444444444,0.35517568850902187,0.00019067458240817832,1040,279.2253967444162,0.8384615384615385,1
2.4166666666666665,0.5689655172413793,3.3009902686237745e-05,348,142.49747468305833,0.7816091954022989,1
2.3333333333333335,0.44047619047619047,3.1871630179815754e-05,333,152.83452377915606,0.8048048048048048,1
1.5384615384615385,0.35,5.9072448950612024e-05,260,96.18376618407356,0.8423076923076923,1
1.75,0.20238095238095238,5.725483513674704e-05,252,94.04163056034263,0.9206349206349206,0
2,0.43388429752066116,2.295516221284349e-05,242,80.31370849898477,0.8553719008264463,1
1.1428571428571428,0.25,9.248225001387234e-06,56,34.621320343559645,0.7857142857142857,0
1.3448275862068966,0.4297082228116711,0.00020479862554952487,1131,373.2020561473032,0.8240495137046862,1
1,0.267538644470868,7.977393149174121e-05,841,223.57463914933368,0.8799048751486326,0
2.076923076923077,0.7150997150997151,3.3294470812843244e-05,337,139.01219330881975,0.7210682492581603,1
1.4285714285714286,0.47410714285714284,0.0001849645000277447,1120,380.8355697996826,0.79375,1
1.1428571428571428,0.25,9.248225001387234e-06,56,28.65685424949238,0.9107142857142857,0
2.3333333333333335,0.2857142857142857,3.4680843755202125e-06,21,15.414213562373096,0.9047619047619048,0
2,0.06747638326585695,7.028832727155796e-05,741,158.04772721475248,0.9743589743589743,0
1.75,0.25,4.624112500693617e-06,27,18.82842712474619,0.9259259259259259,0
1,0.21604938271604937,0.00021403035003210455,1296,347.5218613006978,0.9104938271604939,0
3,0.55,3.4148175192659735e-05,360,136.08326112068522,0.7361111111111112,1
1.5,0.3401360544217687,6.679730765953822e-05,292,91.70458146424488,0.8527397260273972,1
1.0333333333333334,0.35376344086021505,0.00021129760586180454,930,257.1959594928933,0.8376344086021505,0
2,0.6,2.9595085166971772e-05,312,132.01219330881975,0.7596153846153846,1
2,0.41595441595441596,3.3294470812843244e-05,350,136.461940777126,0.7885714285714286,1
1.3571428571428572,0.13533834586466165,6.043565931101076e-05,266,94.59188309203678,0.924812030075188,0
1.25,0.3171875,0.0002113880000317082,1278,345.13098833543773,0.8560250391236307,1
3.857142857142857,0.5185185185185185,1.7927791976146362e-05,186,85.07716446627535,0.7849462365591398,1
1.0689655172413792,0.2625139043381535,8.52755819394475e-05,899,235.8172798364530,0.8832035595105673,0
1,0.234375,1.056940000158541e-05,64,37.071067811865476,0.84375,0
2.142857142857143,0.4785714285714286,3.983953772476969e-05,420,176.91168824543144,0.8,1
1.5,0.46938775510204084,0.0001942127250291319,1176,394.6639969244288,0.8086734693877551,1
1.0333333333333334,0.36451612903225805,0.00021129760586180454,930,274.58073580374355,0.832258064516129,0
16.5,0.17424242424242425,2.5041995141283806e-05,264,143.07106781186548,0.9431818181818182,0
2.6,0.47692307692307695,0.00010593032356009907,567,186.72792206135787,0.7283950617283951,1
1.6153846153846154,0.42124542124542125,6.202607139814263e-05,272,95.84062043356595,0.8235294117647058,1
2.3333333333333335,0.2857142857142857,3.4680843755202125e-06,21,15.207106781186548,0.8571428571428571,0
1.5,0.3163265306122449,6.679730765953822e-05,293,92.31980515339464,0.8737201365187713,1
2.375,0.20394736842105263,3.453466246343472e-05,151,66.38477631085023,0.9470198675496688,0
1.0344827586206897,0.27241379310344827,8.252475671559436e-05,870,223.61017305526644,0.8793103448275862,0
3.6666666666666665,0.3181818181818182,2.9990627928772258e-05,131,62.935028842544405,0.8549618320610687,0
1.5,0.5051020408163265,0.0001942127250291319,1176,428.14927829866735,0.7610544217687075,1
1.3,0.4251207729468599,3.92704014715587e-05,414,173.18986283848346,0.8188405797101449,1
1.5714285714285714,0.724025974025974,2.921566099816444e-05,306,133.5269119345812,0.6437908496732027,1
1.5384615384615385,0.4076923076923077,5.9072448950612024e-05,259,108.08326112068524,0.8146718146718147,1
1.4074074074074074,0.3460038986354776,0.00018578549055155838,1013,263.0893577750951,0.8371174728529122,1
2.1,0.5968379446640316,2.3998578677063647e-05,252,98.04163056034261,0.7063492063492064,1
1.7692307692307692,0.5418060200668896,2.8361956618347946e-05,299,128.4619407771256,0.7591973244147158,1
1,0.21682098765432098,0.00021403035003210455,1296,354.69343417595167,0.908179012345679,0
1.9166666666666667,0.6195652173913043,2.6180267647705797e-05,276,127.42640687119285,0.7318840579710145,1
1.0689655172413792,0.26028921023359286,8.52755819394475e-05,899,247.57463914933368,0.8809788654060067,0
1.9166666666666667,0.5181159420289855,2.6180267647705797e-05,276,127.1543289325507,0.75,1
2.3333333333333335,0.4107142857142857,3.1871630179815754e-05,335,145.2193000900063,0.7791044776119403,1
1.6956521739130435,0.4258639910813824,8.508586985504385e-05,893,326.5868324581534,0.8017917133258678,1
1,0.26872770511296074,7.977393149174121e-05,841,210.36753236814712,0.8739595719381689,0
1,0.09090909090909091,1.1477581106421744e-05,119,44.485281374238575,0.9915966386554622,0
1.0,0.27011494252873564,8.252475671559436e-05,870,230.88834764831844,0.8781609195402299,0
1.3571428571428572,0.4774436090225564,0.00019266643464606055,1064,381.9238815542512,0.7481203007518797,1
1.4285714285714286,0.34285714285714286,6.361648348527449e-05,280,92.49137802864844,0.8464285714285714,1
1.3928571428571428,0.4340659340659341,0.00018034038752705106,1092,386.85891039679564,0.7912087912087912,1
1.4814814814814814,0.5814814814814815,0.00017835862502675378,1080,425.04267658086917,0.7490740740740741,1
1.3103448275862069,0.4029038112522686,0.0001995473787405627,1102,370.3675323681471,0.7803992740471869,1
1.5384615384615385,0.23076923076923078,0.0002362897958024481,1037,215.6812408671319,0.8611378977820636,1
1,0.2722222222222222,8.537043798164934e-05,900,232.12489168102786,0.8833333333333333,0
1.1428571428571428,0.25,9.248225001387234e-06,56,34.65685424949238,0.9285714285714286,0
1.0285714285714285,0.22301587301587303,0.00020808506253121276,1260,345.34419177103416,0.9047619047619048,0
2,0.5454545454545454,2.295516221284349e-05,242,103.94112549695429,0.7603305785123967,1
1.9166666666666667,0.6231884057971014,2.6180267647705797e-05,276,116.21930009000631,0.6847826086956522,1
1,0.21450617283950618,0.00021403035003210455,1296,358.6934341759516,0.904320987654321,0
1.4615384615384615,0.12550607287449392,5.611882650308142e-05,245,89.24873734152916,0.9428571428571428,1
1.4285714285714286,0.4142857142857143,6.361648348527449e-05,280,98.29036790187179,0.8285714285714286,1
1,0.16666666666666666,5.945287500891793e-06,35,22.242640687119287,0.9714285714285714,0
1.6666666666666667,0.3125,5.452841441594956e-05,238,87.25483399593904,0.8403361344537815,1
1,0.37222222222222223,0.00020448155405981084,900,244.64570696119915,0.8377777777777777,0
1,0.21682098765432098,0.00021403035003210455,1296,347.92997820866105,0.8981481481481481,0
1.0785979819437068,0.039650944089397136,0.8507215969227525,3824373,121002.4683506343,0.98556861477685,0
1.0333333333333334,0.3602150537634409,0.00021129760586180454,930,267.4386001800126,0.8440860215053764,0
1.8181818181818181,0.2636363636363636,4.99843798812871e-05,219,78.00609665440987,0.9178082191780822,1
1.1428571428571428,0.25,9.248225001387234e-06,56,32.82842712474619,0.875,0
1.9166666666666667,0.6195652173913043,2.6180267647705797e-05,276,132.1837661840736,0.6847826086956522,1
1.75,0.25,4.624112500693617e-06,28,18.82842712474619,0.9285714285714286,0
2.6,0.03902714932126697,0.00016770548261284003,1768,222.73401871576775,0.9892533936651584,0
1.5,0.4991496598639456,0.00026159807058076106,1176,392.5279579551077,0.8,1
2.3333333333333335,0.2857142857142857,3.4680843755202125e-06,21,15.207106781186548,0.9047619047619048,0
1.0285714285714285,0.22380952380952382,0.00020808506253121276,1260,363.2436867076458,0.8904761904761904,0
2.076923076923077,0.5897435897435898,3.3294470812843244e-05,351,139.18376618407356,0.7606837606837606,1
2,0.6,2.295516221284349e-05,233,93.07716446627535,0.76,1
1,0.16608996539792387,6.566129902587259e-05,286,84.97056274847714,0.9335664335664335,0
1.2857142857142858,0.4444444444444444,1.431370878418676e-05,63,38.27817459305202,0.8253968253968254,0
1.4615384615384615,0.3522267206477733,5.611882650308142e-05,246,108.5269119345812,0.8536585365853658,1
1.3448275862068966,0.30857648099027407,0.00018678111565301718,1118,253.42640687119285,0.8041144901610018,1
1.5,0.3333333333333333,6.679730765953822e-05,294,98.80508652763321,0.8605442176870748,1
1.6666666666666667,0.25,5.452841441594956e-05,240,94.42031021678297,0.8375,1
2.0714285714285716,0.39655172413793105,3.8511553133944034e-05,403,151.698484809835,0.8560794044665012,1
1.4642857142857142,0.47822299651567945,0.0001895886125284383,1148,390.5218613006978,0.7796167247386759,1
1,1,3.319961477064141e-06,33,19.071067811865476,0.6060606060606061,1
1.56,0.49230769230769234,0.00016101820314915274,973,308.23149339882605,0.7965056526207606,1
1.1764705882352942,0.4147058823529412,0.00024626536759270895,1359,432.1848122046001,0.8395879323031641,1
1,0.234375,1.056940000158541e-05,64,38.86396103067893,0.859375,0
1,0.37444444444444447,0.00020448155405981084,900,242.57463914933368,0.82,0
1,0.21604938271604937,0.00021403035003210455,1296,358.5218613006978,0.8942901234567902,0
1.0333333333333334,0.3634408602150538,0.00021129760586180454,930,271.13098833543773,0.8451612903225807,0
1.5384615384615385,0.29615384615384616,5.9072448950612024e-05,258,93.01219330881976,0.8914728682170543,1
1.75,0.42063492063492064,2.3903722634861815e-05,250,112.87005768508881,0.856,1
1,0.234375,1.056940000158541e-05,64,31.485281374238568,0.90625,0
1.4,0.2,5.7801406258670215e-06,34,20.82842712474619,0.9117647058823529,0
1.8333333333333333,0.6287878787878788,2.5041995141283806e-05,260,97.94112549695427,0.6615384615384615,1
1.1428571428571428,0.25,9.248225001387234e-06,56,34.41421356237309,0.8928571428571429,0
2,0.6111111111111112,2.7318540154127788e-05,288,149.0538238691624,0.7326388888888888,1
1.4285714285714286,0.3464285714285714,6.361648348527449e-05,278,93.84062043356595,0.8597122302158273,1
1.0588235294117647,0.16013071895424835,6.952372838033569e-05,305,98.55634918610404,0.9344262295081968,0
1.4137931034482758,0.4785534062237174,0.00021530111916744923,1189,411.8355697996826,0.7956265769554247,1
7.666666666666667,0.6231884057971014,1.56769191445855e-05,68,43.071067811865476,0.7352941176470589,0
1.9,0.22631578947368422,4.3168328079293405e-05,189,76.97056274847714,0.9047619047619048,0
3.25,0.2644230769230769,4.725795916048962e-05,205,90.45584412271572,0.8780487804878049,0
1.0344827586206897,0.2620689655172414,8.252475671559436e-05,870,228.6101730552664,0.8885057471264368,0
1.7692307692307692,0.5585284280936454,2.8361956618347946e-05,299,137.01219330881975,0.7692307692307693,1
3.8333333333333335,0.3333333333333333,3.1353838289171e-05,131,65.89949493661166,0.8244274809160306,0
1,0.234375,1.056940000158541e-05,64,36.86396103067893,0.90625,0
1,0.2653061224489796,8.09219687621383e-06,49,29.621320343559642,0.8571428571428571,0
2.3333333333333335,0.5208333333333334,3.1871630179815754e-05,336,119.45584412271572,0.7410714285714286,1
1,0.21604938271604937,0.00021403035003210455,1296,387.492424049175,0.9020061728395061,0
1.4285714285714286,0.5151785714285714,0.0001849645000277447,1120,393.4274528917194,0.7642857142857142,1
1.0344827586206897,0.2735632183908046,8.252475671559436e-05,870,225.7462120245875,0.8770114942528736,0
1,0.21450617283950618,0.00021403035003210455,1296,360.00104602052653,0.9104938271604939,0
2,0.5590277777777778,2.7318540154127788e-05,288,124.46194077712559,0.7534722222222222,1
1.0285714285714285,0.22063492063492063,0.00020808506253121276,1260,348.45079348883235,0.8984126984126984,0
1,0.234375,1.056940000158541e-05,64,36.65685424949238,0.90625,0
1.1428571428571428,0.25,9.248225001387234e-06,56,37.86396103067893,0.8571428571428571,0
1.8333333333333333,0.6325757575757576,2.5041995141283806e-05,264,97.83452377915607,0.6590909090909091,1
1.6923,0.6643356643356644,2.7128828069724124e-05,267,134.5918830920368,0.6666666666666666,1
1.3333333333333333,1,1.1382725064219912e-06,5,2.414213562373095,0.8,1
1.8461538461538463,0.5865384615384616,2.9595085166971772e-05,312,137.76955262170048,0.7532051282051282,1
1,0.234375,1.056940000158541e-05,64,41.72792206135786,0.890625,0
1.0344827586206897,0.2689655172413793,8.252475671559436e-05,870,227.19595949289334,0.8839080459770114,0
1,0.27110582639714625,7.977393149174121e-05,841,209.57463914933368,0.8739595719381689,0
1.4285714285714286,0.18571428571428572,6.361648348527449e-05,279,92.34924240491749,0.931899641577061,0
1,0.21450617283950618,0.00021403035003210455,1296,362.5573952066306,0.9089506172839507,0
1.75,0.25,4.624112500693617e-06,27,18.414213562373096,0.9629629629629629,0
1.9166666666666667,0.5434782608695652,2.6180267647705797e-05,276,137.18376618407356,0.75,1
1.1428571428571428,0.25,9.248225001387234e-06,56,31.035533905932738,0.875,0
1.4285714285714286,0.3,6.361648348527449e-05,279,97.76955262170047,0.8853046594982079,1
1.3103448275862069,0.42286751361161523,0.00018199185627729877,1102,360.5452018978108,0.8112522686025408,1
10,0.575,9.088069069324928e-06,37,26.621320343559645,0.7027027027027027,1
1.0285714285714285,0.22301587301587303,0.00020808506253121276,1260,355.8294731452727,0.9079365079365079,0
2.090909090909091,0.6205533596837944,2.3998578677063647e-05,253,107.46194077712559,0.7272727272727273,1
6.333333333333333,0.6842105263157895,1.295049842378802e-05,55,22.207106781186546,0.41818181818181815,1
2.6,0.5611285266457681,3.02590774623846e-05,307,120.00609665440989,0.6938110749185668,1
1.5555555555555556,0.5379188712522046,0.0001872765562780915,1134,411.32085117392114,0.7742504409171076,1
1.8333333333333333,0.6666666666666666,2.5041995141283806e-05,264,123.18376618407356,0.7537878787878788,1
1.9166666666666667,0.6304347826086957,2.6180267647705797e-05,276,123.31980515339464,0.7355072463768116,1
2.00,1.00,7.588483376146608e-07,4,1.4142135623730951,0.75,1
2.2,0.22727272727272727,4.99843798812871e-05,219,94.21320343559643,0.9178082191780822,0
1,0.21604938271604937,0.00021403035003210455,1296,357.4863273947651,0.904320987654321,0
1.5,0.40476190476190477,6.679730765953822e-05,294,110.76955262170047,0.8333333333333334,1
1,0.26555555555555554,8.537043798164934e-05,900,233.98885271170678,0.8822222222222222,0
1.0285714285714285,0.21904761904761905,0.00020808506253121276,1260,360.2081528017131,0.8952380952380953,0
2,0.4297520661157025,2.295516221284349e-05,242,82.59188309203678,0.7479338842975206,1
1.4146341463414633,0.5269133725820017,0.0003927192688089079,2378,773.2152954766495,0.748107653490328,1
1.0333333333333334,0.3634408602150538,0.00021129760586180454,930,258.1309883354377,0.8397849462365592,0
1.5185185185185186,0.5519421860885275,0.00020045276612141823,1107,395.62846301849606,0.7560975609756098,1
1,0.2152777777777778,0.00021403035003210455,1296,351.9655121145938,0.9074074074074074,0
2.4166666666666665,0.5660919540229885,3.3009902686237745e-05,346,124.80508652763322,0.7398843930635838,1
1.6923076923076923,0.6678321678321678,2.7128828069724124e-05,253,113.59188309203678,0.7154150197628458,1
3.5,0.35714285714285715,2.3120562503468085e-06,13,11.414213562373096,0.8461538461538461,0
1.5384615384615385,0.25769230769230766,5.9072448950612024e-05,256,80.17766952966369,0.86328125,1
1.9166666666666667,0.605072463768116,2.6180267647705797e-05,276,133.87615433949867,0.7101449275362319,1
1.0285714285714285,0.2222222222222222,0.00020808506253121276,1260,330.45079348883235,0.9023809523809524,0
1.5,0.5867850098619329,0.00018361256083750506,1009,342.651803615609,0.7472745292368682,1
1,0.234375,1.056940000158541e-05,64,37.621320343559645,0.84375,0
1.8461538461538463,0.6,2.9595085166971772e-05,312,118.18376618407356,0.7051282051282052,1
1,0.36777777777777776,0.00020448155405981084,900,232.26093065034894,0.8222222222222222,0
2.230769230769231,0.5251989389920424,3.576072791009089e-05,377,152.7401153701776,0.76657824933687,1
1.0333333333333334,0.3580645161290323,0.00021129760586180454,930,272.95941546018395,0.8354838709677419,0
1.0344827586206897,0.27241379310344827,8.252475671559436e-05,870,217.12489168102786,0.8850574712643678,0
8,0.6388888888888888,1.6358524324784868e-05,71,45.03553390593274,0.704225352112676,0
1.4814814814814814,0.47962962962962963,0.00017835862502675378,1080,364.76450198781714,0.7787037037037037,1
1,0.21604938271604937,0.00021403035003210455,1296,360.072113832392,0.9020061728395061,0
1,1,1.056940000158541e-05,60,28.692388155425114,0.5333333333333333,1
2.230769230769231,0.5862068965517241,3.576072791009089e-05,377,157.8111831820431,0.7347480106100795,1
1,0.22612244897959183,0.00020230492190534573,1225,345.5868324581535,0.9036734693877551,0
7,0.7142857142857143,1.431370878418676e-05,60,32.65685424949238,0.6666666666666666,1
1.5,0.40476190476190477,6.679730765953822e-05,291,105.94722215136417,0.8281786941580757,1
1.0344827586206897,0.26666666666666666,8.252475671559436e-05,870,235.98885271170678,0.8885057471264368,0
1.8333333333333333,0.6477272727272727,2.5041995141283806e-05,264,120.46194077712559,0.678030303030303,1
1,0.234375,1.056940000158541e-05,64,43.44974746830583,0.890625,0
1.56,0.5702564102564103,0.00016101820314915274,974,301.6162697096763,0.7566735112936345,1
2,0.61,2.7318540154127788e-05,288,134.29036790187178,0.7118055555555556,1
1.5555555555555556,0.4107142857142857,4.780744526972363e-05,504,188.63961030678928,0.8333333333333334,1
1.8505747126436782,0.1330049261083744,0.002313212278471982,13939,1427.3818177180199,0.9207260205179711,0
1.95,0.4794871794871795,0.00014124043141346544,771,271.8700576850888,0.7276264591439688,1
1.8181818181818181,0.13636363636363635,4.99843798812871e-05,220,78.00609665440987,0.9636363636363636,0
1.1111111111111112,0.030555555555555555,0.0002378115000356717,1440,200.76955262170046,0.9875,1
2,0.5661157024793388,2.295516221284349e-05,222,90.8700576850888,0.7117117117117117,1
1.3448275862068966,0.6454465075154731,0.00020479862554952487,1130,429.69343417595167,0.731858407079646,1
1.5,0.336734693877551,6.679730765953822e-05,293,110.18986283848344,0.8668941979522184,1
1.8,0.6439393939393939,2.5041995141283806e-05,250,103.69848480983498,0.752,1
1.1428571428571428,0.4583333333333333,4.780744526972363e-05,504,224.36753236814715,0.8154761904761905,1
16.5,0.25,2.5041995141283806e-05,263,157.97056274847714,0.8326996197718631,0
1.3448275862068966,0.4297082228116711,0.00018678111565301718,1131,389.0071426749364,0.801945181255526,1
1,0.2236734693877551,0.00020230492190534573,1225,338.3086578651014,0.9085714285714286,0
1.4642857142857142,0.5113240418118467,0.00020787694264443374,1148,411.14927829866735,0.7761324041811847,1
1.3448275862068966,0.4270557029177719,0.00018678111565301718,1131,368.1431816442575,0.7816091954022989,1
1,0.234375,1.056940000158541e-05,64,39.621320343559645,0.875,0
1.4,0.2,5.7801406258670215e-06,34,20.82842712474619,0.9411764705882353,0
2.6666666666666665,0.5316666666666666,9.908812501486322e-05,599,214.76955262170046,0.7011686143572621,1
1.56,0.5456410256410257,0.00016101820314915274,931,310.9238815542512,0.7540279269602578,1
1,0.21604938271604937,0.00021403035003210455,1296,368.1076477383248,0.9012345679012346,0
3.6666666666666665,0.30303030303030304,2.9990627928772258e-05,130,63.72792206135786,0.8769230769230769,0
1.4642857142857142,0.4817073170731707,0.0001895886125284383,1148,367.9655121145938,0.7987804878048781,1
1.2857142857142858,0.14285714285714285,5.725483513674704e-05,251,86.17766952966369,0.9322709163346613,0
1.4642857142857142,0,0.00025536954509074297,1148,384.37972567696700,0.8144599303135889,1
1.0333333333333334,0.3580645161290323,0.00021129760586180454,930,265.6101730552664,0.8333333333333334,0
1,0.36666666666666664,0.00020448155405981084,900,250.05992052357226,0.84,0
1,0.37444444444444447,0.00020448155405981084,900,258.7523086789974,0.8377777777777777,0
1.8333333333333333,0.6136363636363636,2.5041995141283806e-05,264,122.08326112068525,0.7348484848484849,1
1,0.2644444444444444,8.537043798164934e-05,900,207.71067811865476,0.8877777777777778,0
11,0.5227272727272727,9.99687597625742e-06,42,30.449747468305834,0.6904761904761905,0
1.2,0.23333333333333334,4.954406250743161e-06,30,23.65685424949238,0.9333333333333333,0
1.8888888888888888,0.21568627450980393,3.4761864190167846e-05,152,63.9350288425444,0.9013157894736842,0
1.9285714285714286,0.4470899470899471,3.5855583952292725e-05,378,167.46194077712562,0.8042328042328042,1
1,0.267538644470868,7.977393149174121e-05,841,210.5035713374682,0.8608799048751486,0
1.8181818181818181,0.13636363636363635,4.99843798812871e-05,220,77.48528137423857,0.9545454545454546,0
1.176991150442478,0.0552931000066538,0.0014255914582513422,15029,1199.9198769408943,0.9735178654601104,0
1.25,0.85,4.544034534662464e-06,17,14.071067811865476,0.7058823529411765,1
2,0.4297520661157025,2.295516221284349e-05,242,81.00609665440987,0.768595041322314,1
1.0285714285714285,0.21904761904761905,0.00020808506253121276,1260,364.1787155501902,0.8992063492063492,0
1.25,0.85,4.544034534662464e-06,19,12.242640687119284,0.7368421052631579,1
5.5,0.375,1.999375195251484e-05,85,48.27817459305203,0.8,0
1.4814814814814814,0.4824074074074074,0.0001955636742647983,1080,341.05992052357226,0.7675925925925926,1
4,0.25,2.6423500003963523e-06,16,15,0.9375,0
1.3571428571428572,0.4276315789473684,0.00019266643464606055,1064,357.26702730475876,0.7913533834586466,1
2.607142857142857,0.03522504892367906,0.00019388575026054583,2044,287.2609306503489,0.9833659491193738,0
1.4814814814814814,0.524074074074074,0.00017835862502675378,1080,373.79393923934003,0.7611111111111111,1
2.3333333333333335,0.37797619047619047,3.1871630179815754e-05,334,132.55634918610403,0.8143712574850299,1
2.5,0.6333333333333333,3.4148175192659735e-05,360,151.87615433949867,0.6861111111111111,1
1.3448275862068966,0.4297082228116711,0.00020479862554952487,1129,320.64570696119915,0.7812223206377326,1
2,0.554945054945055,3.452759936146706e-05,364,144.36143571373725,0.7582417582417582,1
1.5185185185185186,0.4950316169828365,0.00018281759065242264,1107,370.1076477383248,0.7786811201445348,1
1.0333333333333334,0.3634408602150538,0.00021129760586180454,930,268.9238815542512,0.8376344086021505,0
1.5285714285714285,0.1822429906542056,0.0013562702965216103,7457,1104.7016228714147,0.926512002145635,0
1.2804154302670623,0.027960300732116666,0.8645369545859305,5234958,133223.80270769916,0.9862086763637836,0
2.857142857142857,0.45,9.248225001387234e-05,560,196.69848480983498,0.8089285714285714,1
1,0.8,5.680043168328079e-06,23,11.449747468305834,0.7391304347826086,1
1.8666666666666667,0.5380952380952381,3.983953772476969e-05,420,170.43250352560273,0.7571428571428571,1
1,0.35275754422476585,0.00021834085939053137,961,277.05992052357226,0.8324661810613944,0
1.1428571428571428,0.25,9.248225001387234e-06,56,34.48528137423857,0.8928571428571429,0
2.3333333333333335,0.2857142857142857,3.4680843755202125e-06,21,15.414213562373096,0.9523809523809523,0
2,0.5435897435897435,3.6993856458714716e-05,390,176.88225099390857,0.782051282051282,1
1.5384615384615385,0.25769230769230766,5.9072448950612024e-05,259,91.31980515339464,0.8803088803088803,1
7.666666666666667,0.4782608695652174,1.56769191445855e-05,64,41.86396103067893,0.796875,0
1.1764705882352942,0.3977941176470588,0.00024626536759270895,1358,450.6995308303616,0.8247422680412371,1
2.00,0.5243055555555556,2.7318540154127788e-05,288,123.35533905932738,0.7708333333333334,1
1,0.2152777777777778,0.00021403035003210455,1296,365.6223663640862,0.9058641975308642,0
1.56,0.5456410256410257,0.00021688615545598813,965,325.4325035256027,0.7295336787564767,1
3,0.2789115646258503,3.339865382976911e-05,146,74.7634559672906,0.863013698630137,0
1.0333333333333334,0.35698924731182796,0.00021129760586180454,930,276.23149339882605,0.8344086021505376,0
1.5384615384615385,0.4576923076923077,2.4662570972476475e-05,260,102.31980515339464,0.7269230769230769,1
1,0.1,0.00012293343069357505,1294,228.11879502661796,0.9466769706336939,0
1.6923076923076923,0.6888111888111889,2.7128828069724124e-05,274,116.52691193458118,0.6642335766423357,1
1,0.21682098765432098,0.00021403035003210455,1296,366.35028842544403,0.908179012345679,0
1,0.234375,1.056940000158541e-05,64,38.44974746830584,0.90625,0
1,0.641941391941392,0.0002429124941107067,1082,396.5279579551077,0.744916820702403,1
2.3333333333333335,0.37797619047619047,3.1871630179815754e-05,335,135.8345237791561,0.8477611940298507,1
2,0.2777777777777778,2.9726437504458966e-06,18,13.414213562373096,0.8888888888888888,0
1,0.37,0.00020448155405981084,900,251.88834764831844,0.8288888888888889,0
1.5,0.4217687074829932,0.0002129471119772248,1176,357.9655121145938,0.8154761904761905,1
1.6153846153846154,0.45054945054945056,2.58956995211003e-05,271,110.24873734152916,0.7490774907749077,1
1.4137931034482758,0.4978973927670311,0.00021530111916744923,1189,414.69343417595167,0.7703952901597981,1
1,0.75,1.5176966752293217e-06,16,8.414213562373096,0.75,1
1.3928571428571428,0.6529304029304029,0.0001977366039788516,1092,425.3086578651014,0.6785714285714286,1
1,0.040625,0.0002731854015412779,2880,325.26702730475876,0.9819444444444444,0
1.5,0.42998027613412226,0.00016745893127511884,1010,271.67514421272205,0.7623762376237624,1
1.5,1,0.000246249204194645,1107,402.3919189857870,0.7813911472448057,1
2,0.5512820512820513,3.6993856458714716e-05,390,157.5685424949238,0.7717948717948718,1
1.8333333333333333,0.6628787878787878,2.5041995141283806e-05,264,113.59797974644665,0.6590909090909091,1
1.25,0.85,4.544034534662464e-06,15,7.449747468305833,0.7333333333333333,1
1.0810810810810811,0.02972972972972973,0.0002444173750366626,1480,183.87005768508885,0.9864864864864865,0
1,0.234375,1.056940000158541e-05,64,37.24264068711929,0.90625,0
1.1428571428571428,0.25,9.248225001387234e-06,56,33.65685424949238,0.9464285714285714,0
10.5,0.5714285714285714,9.542472522791173e-06,41,38.207106781186546,0.926829268292683,1
27.0,0.2962962962962963,1.024445255779792e-05,108,99.62132034355965,0.9166666666666666,0
1.25,0.85,4.544034534662464e-06,16,9.242640687119284,0.75,1
1.4193548387096775,0.0344574780058651,0.00022526033753378905,1364,202.0477272147525,0.9846041055718475,0
3.8333333333333335,0.2971014492753623,3.1353838289171e-05,138,66.3492424049175,0.8985507246376812,0
1,0.26436781609195403,8.252475671559436e-05,870,219.53910524340097,0.8931034482758621,0
3.142857142857143,0.2597402597402597,3.4989065916900966e-05,152,67.38477631085023,0.875,0
1,0.21604938271604937,0.00021403035003210455,1296,352.1370849898476,0.9050925925925926,0
1.4444444444444444,0.35422602089268757,0.00019067458240817832,1041,295.0893577750951,0.8270893371757925,1
1.6666666666666667,0.42916666666666664,2.2765450128439825e-05,239,109.04163056034261,0.7740585774058577,1
1.92,0.041666666666666664,0.00019817625002972644,1200,194.1837661840736,0.9883333333333333,0
1.5384615384615385,0.23076923076923078,0.0002362897958024481,1040,206.91778489984128,0.8576923076923076,1
1,1,1.158895847495101e-05,8,6,1,1
1.0285714285714285,0.2253968253968254,0.00020808506253121276,1260,345.1370849898476,0.9031746031746032,0
1.8333333333333333,0.6136363636363636,2.5041995141283806e-05,264,126.56244584051393,0.7196969696969697,1
2.076923076923077,0.4045584045584046,3.3294470812843244e-05,347,130.6335136523794,0.8126801152737753,1
2.00,0.5590277777777778,2.7318540154127788e-05,288,132.76955262170048,0.7534722222222222,1
5.75,0.44565217391304346,2.090255885944733e-05,92,55.86396103067893,0.8260869565217391,0
7.666666666666667,0.4782608695652174,1.56769191445855e-05,67,42.86396103067893,0.8059701492537313,0
1,0.2183641975308642,0.00021403035003210455,1296,351.5868324581535,0.9012345679012346,0
1,1,1.056940000158541e-05,64,29.485281374238568,0.609375,1
1.5384615384615385,0.5990384615384615,0.0001717527500257629,1028,382.515764646288,0.769455252918288,1
7.333333333333333,0.5303030303030303,1.4995313964386129e-05,65,39.520815280171306,0.7692307692307693,0
1,0.37,0.00020448155405981084,900,268.09545442950497,0.8388888888888889,0
1.1428571428571428,0.25,9.248225001387234e-06,56,34.656854249492376,0.8928571428571429,0
2.076923076923077,0.7207977207977208,3.3294470812843244e-05,344,151.9827560572969,0.7093023255813954,1
1.3333333333333333,1,1.1382725064219912e-06,8,5.414213562373096,0.75,1
5.75,0.45652173913043476,2.090255885944733e-05,91,53.69238815542512,0.6923076923076923,0
1,0.234375,1.056940000158541e-05,64,37.65685424949238,0.90625,0
1.75,0.25,4.624112500693617e-06,26,19.035533905932738,0.9615384615384616,0
2,0.5946969696969697,2.5041995141283806e-05,262,98.11269837220809,0.6679389312977099,1
1.00,0.2699167657550535,7.977393149174121e-05,841,200.22539674441617,0.8799048751486326,0
1.0344827586206897,0.2632183908045977,8.252475671559436e-05,870,231.23149339882605,0.8816091954022989,0
4,0.05193905817174515,0.00013697212493944628,1443,271.84671708797583,0.97921,0
1.2666666666666666,0.17543859649122806,6.47524921189401e-05,284,93.04163056034263,0.9084507042253521,0
1,0.21604938271604937,0.00021403035003210455,1296,369.69343417595167,0.9066358024691358,0
11,0.5227272727272727,9.99687597625742e-06,33,22,0.7272727272727273,0
1.1666666666666667,0.7857142857142857,3.983953772476969e-06,41,27.863961030678926,0.7073170731707317,1
11.5,0.5217391304347826,1.0451279429723665e-05,44,26.035533905932738,0.5909090909090909,0
3,1,1.4459077030399208e-05,59,25.899494936611664,0.5084745762711864,1
1,0.21604938271604937,0.00021403035003210455,1296,346.2731239591687,0.9120370370370371,0
7.333333333333333,0.5,1.4995313964386129e-05,66,41.48528137423857,0.803030303030303,0
1,1,1.423662969146999e-05,62,37.10660171779821,0.6451612903225806,1
1.2857142857142858,0.4444444444444444,1.431370878418676e-05,63,34.89949493661167,0.7619047619047619,0
1.0344827586206897,0.2632183908045977,8.252475671559436e-05,870,228.98885271170678,0.8770114942528736,0
1,0.26666666666666666,8.537043798164934e-05,900,233.3319984622144,0.8755555555555555,0
1.3928571428571428,0.5027472527472527,0.0001977366039788516,1092,366.92997820866105,0.782051282051282,1
5.5,0.4318181818181818,1.999375195251484e-05,86,48.69238815542512,0.8372093023255814,0
1.75,0.42063492063492064,2.3903722634861815e-05,252,108.04163056034261,0.8452380952380952,1
1.3333333333333333,0.25170068027210885,0.00013359461531907643,588,220.57463914933368,0.891156462585034,0
1,0.2699167657550535,7.977393149174121e-05,841,199.9177848998413,0.882282996432818,0
2.0,1,7.588483376146608e-07,5,3.414213562373095,0.8,1
1.1428571428571428,0.25,9.248225001387234e-06,56,35.242640687119284,0.8571428571428571,0
1,1,0.00024914101960072483,1120,401.0782104868019,0.7964285714285714,1
1.83,0.69,2.5041995141283806e-05,263,105.0477272147525,0.6692015209125475,1
1.56,0.3374358974358974,0.00016101820314915274,975,189.66295090390227,0.7784615384615384,1
1.0689655172413792,0.2625139043381535,8.52755819394475e-05,899,237.78174593052023,0.8887652947719689,0
1.3928571428571428,0.48717948717948717,0.00018034038752705106,1092,365.0010460205266,0.7509157509157509,1
1,0.2688888888888889,8.537043798164934e-05,900,232.9177848998413,0.8833333333333333,0
1,0.234375,1.056940000158541e-05,64,39.071067811865476,0.90625,0
1.4642857142857142,0.4712543554006969,0.0001895886125284383,1148,400.1848122046001,0.7961672473867596,1
1.0333333333333334,0.3548387096774194,0.00021129760586180454,930,249.47413408594537,0.8397849462365592,0
1.2954414310444315,0.06026985658969024,0.8839476300019881,3890585,186590.8178340919,0.9678043276268222,0
2,0.43388429752066116,2.295516221284349e-05,242,70.69238815542512,0.7024793388429752,1
1.0333333333333334,0.3548387096774194,0.00021129760586180454,930,265.5096679918781,0.8473118279569892,0
1.0,0.2689655172413793,8.252475671559436e-05,870,218.95331880577402,0.8747126436781609,0
1.7692307692307692,0.5418060200668896,2.8361956618347946e-05,299,127.2193000900063,0.7558528428093646,1
1.1428571428571428,0.25,9.248225001387234e-06,56,33.48528137423857,0.9464285714285714,0
1.8333333333333333,0.6931818181818182,2.5041995141283806e-05,264,115.73401871576773,0.6931818181818182,1
1.3,0.3316239316239316,0.00019322184377898327,1152,286.59797974644664,0.8463541666666666,1
1.6923076923076923,0.6468531468531469,2.7128828069724124e-05,286,141.04772721475248,0.6923076923076923,1
1.0285714285714285,0.22142857142857142,0.00020808506253121276,1260,346.79393923934,0.8960317460317461,0
1,0.3485952133194589,0.00021834085939053137,961,284.82337649086287,0.8439125910509886,0
1.5833333333333333,0.35526315789473684,5.180199369515208e-05,228,102.04163056034261,0.8333333333333334,1
1.96,0.04163265306122449,0.00020230492190534573,1224,192.976659402887,0.9795751633986928,0
1.4137931034482758,0.4222035323801514,0.00021530111916744923,1189,371.1431816442575,0.7964676198486123,1
1.6153846153846154,0.2857142857142857,6.202607139814263e-05,273,82.42640687119285,0.8717948717948718,1
1.1142857142857143,0.39487179487179486,0.00022542548440881383,1364,421.76450198781714,0.8211143695014663,1
4,0.5255102040816326,1.859178427155919e-05,181,76.72792206135784,0.8453038674033149,1
43.5,0.3505747126436782,1.6504951343118872e-05,174,127.62132034355965,0.7298850574712644,0
1.4615384615384615,0.3360323886639676,5.611882650308142e-05,244,90.84062043356595,0.8729508196721312,1
1.3333333333333333,0.17333333333333334,6.816051801993695e-05,299,93.00609665440987,0.919732441471572,0
2.6666666666666665,0.48833333333333334,9.908812501486322e-05,599,197.56244584051393,0.7595993322203672,1
1,0.234375,1.056940000158541e-05,64,40.31370849898476,0.890625,0
2,0.5098522167487685,3.8511553133944034e-05,406,149.0477272147525,0.7660098522167488,1
3.142857142857143,0.3051948051948052,3.4989065916900966e-05,152,75.17766952966369,0.8552631578947368,0
1.0285714285714285,0.22063492063492063,0.00020808506253121276,1260,324.96551211459376,0.915079365079365,0
1.1428571428571428,0.25,9.248225001387234e-06,56,33.071067811865476,0.8392857142857143,0
1.5384615384615385,0.19615384615384615,5.9072448950612024e-05,244,63.10660171779822,0.8975409836065574,1
2.3333333333333335,0.4583333333333333,3.1871630179815754e-05,335,164.39087296526014,0.7791044776119403,1
3.142857142857143,0.7272727272727273,1.460783049908222e-05,153,68.45584412271572,0.6862745098039216,1
1.0689655172413792,0.2625139043381535,8.52755819394475e-05,899,233.1604255869606,0.8743047830923248,0
1,0.2175925925925926,0.00021403035003210455,1296,359.1431816442575,0.9020061728395061,0
2.3333333333333335,0.2857142857142857,3.4680843755202125e-06,19,13.207106781186548,0.8947368421052632,0
1.375,0.6534090909090909,3.338932685504507e-05,352,172.76955262170048,0.6988636363636364,1
1,0.8,5.680043168328079e-06,25,10.65685424949238,0.64,1
1.5,0.5221088435374149,0.0001942127250291319,1176,425.9421715174808,0.7763605442176871,1
1.5384615384615385,0.2846153846153846,5.9072448950612024e-05,259,93.90559159102155,0.8648648648648649,1
1,0.234375,1.056940000158541e-05,64,37.071067811865476,0.921875,0
1.4146341463414633,0.5424726661059714,0.0003927192688089079,2378,638.2680733252854,0.6846089150546678,1
1.0333333333333334,0.3580645161290323,0.00021129760586180454,930,276.3380951166243,0.8408602150537634,0
1.5,0.25,3.9635250005945285e-06,23,16.82842712474619,0.9565217391304348,0
1.4444444444444444,0.35422602089268757,0.00017389965940108496,1044,301.9888527117067,0.8630268199233716,1
1,0.234375,1.056940000158541e-05,64,35.071067811865476,0.90625,0
1.0285714285714285,0.22301587301587303,0.00020808506253121276,1260,366.82947314527274,0.9015873015873016,0
1,0.234375,1.056940000158541e-05,64,31.485281374238568,0.890625,0
1,0.234375,1.056940000158541e-05,64,40.72792206135786,0.890625,0
2,0.5024630541871922,3.8511553133944034e-05,406,186.70458146424488,0.7881773399014779,1
1.8571428571428572,0.503052503052503,0.0001483024529841387,814,271.8528137423857,0.7886977886977887,1
2,0.4297520661157025,2.295516221284349e-05,241,88.45584412271572,0.7883817427385892,1
1,0.2653061224489796,8.09219687621383e-06,49,33.828427124746185,0.8163265306122449,0
1,0.21682098765432098,0.00021403035003210455,1296,362.1431816442575,0.9074074074074074,0
2.3333333333333335,0.3333333333333333,3.4680843755202125e-06,20,14.242640687119284,0.9,0
1.75,0.21428571428571427,4.624112500693617e-06,28,18.82842712474619,0.9285714285714286,0
1.5384615384615385,0.18846153846153846,5.9072448950612024e-05,260,88.59188309203678,0.9230769230769231,0
1.5,0.46343537414965985,0.0002129471119772248,1176,420.73506473629425,0.782312925170068,1
1,0.27,8.537043798164934e-05,900,228.53910524340097,0.8811111111111111,0
2,0.43388429752066116,2.295516221284349e-05,241,85.5208152801713,0.8298755186721992,1
7.333333333333333,0.5151515151515151,1.4995313964386129e-05,65,33.24264068711929,0.6,0
1.5,0.467687074829932,0.0001942127250291319,1176,382.10155108391484,0.7848639455782312,1
1.0,0.27111111111111114,8.537043798164934e-05,900,242.40306627407986,0.87,0
1.4,0.22857142857142856,5.7801406258670215e-06,35,19.621320343559645,0.8571428571428571,0
1,0.36777777777777776,0.00020448155405981084,900,244.29646455628165,0.8188888888888889,0
1.5,0.5118343195266272,0.00018361256083750506,1013,279.6396103067893,0.7245804540967423,1
3.2857142857142856,0.2981366459627329,3.657947800403283e-05,161,74.5918830920368,0.8509316770186336,0
1,0.21682098765432098,0.00021403035003210455,1296,355.75840533340727,0.9020061728395061,0
1.7272727272727273,0.2679425837320574,4.7485160887222744e-05,208,85.34924240491749,0.8317307692307693,1
1.8462,0.5865384615384616,2.9595085166971772e-05,312,150.39087296526012,0.7596153846153846,1
1.3928571428571428,0.43131868131868134,0.00018034038752705106,1089,321.75230867899734,0.7887970615243343,1
2,0.525691699604743,2.3998578677063647e-05,253,102.66295090390226,0.763,1
3.5,0.29365079365079366,2.862741756837352e-05,126,56.72792206135785,0.8412698412698413,0
1.4,0.375,5.3119383633026257e-05,560,206.46803743153544,0.8428571428571429,1
1,0.234375,1.056940000158541e-05,64,39.10660171779821,0.921875,0
1,0.234375,1.056940000158541e-05,64,36.86396103067893,0.90625,0
1,0.234375,1.056940000158541e-05,64,37.071067811865476,0.890625,0
1.4814814814814814,0.4861111111111111,0.00017835862502675378,1078,366.79393923934003,0.7782931354359925,1
2.4545454545454546,0.4208754208754209,2.8172244533944282e-05,297,130.2842712474619,0.8114478114478114,1
1.0285714285714285,0.21825396825396826,0.00020808506253121276,1260,372.1076477383248,0.9007936507936508,0
1.8,0.23333333333333334,4.089631081196217e-05,179,82.21320343559643,0.888268156424581,0
1,0.26555555555555554,8.537043798164934e-05,899,216.53910524340094,0.8743047830923248,0
1.0333333333333334,0.3634408602150538,0.00021129760586180454,930,272.33809511662423,0.8462365591397849,0
1.6666666666666667,0.42916666666666664,2.2765450128439825e-05,240,97.97056274847714,0.75,1
1,0.1,1.1382725064219912e-05,120,45.656854249492376,0.95,0
1,0.2183641975308642,0.00021403035003210455,1296,370.5929291125633,0.9050925925925926,0
1.5454545454545454,0.1443850267379679,1.7738079891742695e-05,187,77.62741699796952,0.9358288770053476,0
1.56,0.5456410256410257,0.00017655053926683177,973,261.0182899632296,0.6721479958890031,1
1.0333333333333334,0.3602150537634409,0.00021129760586180454,930,267.13098833543773,0.8548387096774194,0
4.8125,0.060064935064935064,0.00011686264399265776,1232,263.77564927611036,0.9732142857142857,0
1.5,0.3611111111111111,4.907557297435461e-05,216,96.00609665440987,0.8240740740740741,1
1,0.35796045785639957,0.00021834085939053137,961,299.7878425849301,0.8595213319458896,0
1.0285714285714285,0.21746031746031746,0.00020808506253121276,1260,350.86500705120545,0.9047619047619048,0
1,0.2653061224489796,8.09219687621383e-06,49,31.035533905932738,0.8979591836734694,0
1.2222222222222223,0.32575757575757575,3.756299271192571e-05,396,122.52691193458118,0.8585858585858586,1
1.4642857142857142,0.554006968641115,0.00020787694264443374,1148,423.63455967290594,0.7674216027874564,1
2.000,0.5243055555555556,2.7318540154127788e-05,288,109.83452377915606,0.7291666666666666,1
1,0.2175925925925926,0.00021403035003210455,1296,379.7645019878171,0.9012345679012346,0
1,0.3631633714880333,0.00021834085939053137,961,295.7878425849301,0.8439125910509886,0
1.5,0.29591836734693877,6.679730765953822e-05,293,96.14823227814082,0.8839590443686007,1
1,0.234375,1.056940000158541e-05,64,37.48528137423857,0.890625,0
1.0625,0.16911764705882354,6.17988696714095e-05,270,86.42031021678298,0.9481481481481482,0
11,0.7272727272727273,9.99687597625742e-06,41,31.65685424949238,0.7804878048780488,0
1.0285714285714285,0.21904761904761905,0.00020808506253121276,1260,355.5218613006979,0.9063492063492063,0
1.4,0.2,5.7801406258670215e-06,35,22.242640687119287,0.9428571428571428,0
1.4193548387096775,0.03372434017595308,0.00022526033753378905,1363,195.31980515339464,0.9845928099779897,0
1.0333333333333334,0.35913978494623655,0.00021129760586180454,930,272.373629022557,0.8451612903225807,0
1,0.26872770511296074,7.977393149174121e-05,841,228.13098833543773,0.8680142687277052,0
1.6923076923076923,0.6713286713286714,2.7128828069724124e-05,285,133.66904755831212,0.7403508771929824,1
1.4444444444444444,0.6296296296296297,0.00019067458240817832,1053,367.9655121145938,0.7226970560303894,1
1,0.4962962962962963,0.00024024312604355608,1078,366.41525958289964,0.8237476808905381,1
1.0285714285714285,0.22063492063492063,0.00020808506253121276,1260,360.66399692442883,0.8976190476190476,0
1,0.234375,1.056940000158541e-05,64,38.03553390593274,0.890625,0
1.1428571428571428,0.25,9.248225001387234e-06,56,36.27817459305202,0.9285714285714286,0
7.333333333333333,0.5151515151515151,1.4995313964386129e-05,64,38.27817459305202,0.796875,0
1.0333333333333334,0.3602150537634409,0.00021129760586180454,930,280.0304832720494,0.8559139784946237,0
4.055555555555555,0.0548,0.00012464083945320804,1314,275.88225099390854,0.9710806697108066,0
2.857142857142857,0.45,0.00010140338665582134,556,196.59797974644667,0.8003597122302158,1
1.9166666666666667,0.6231884057971014,2.6180267647705797e-05,275,97.66295090390226,0.6072727272727273,1
3,0.5861111111111111,3.4148175192659735e-05,360,151.9827560572969,0.7416666666666667,1
2.3333333333333335,0.15476190476190477,7.967907544953938e-06,82,42.071067811865476,0.9390243902439024,0
1.5,0.29591836734693877,6.679730765953822e-05,290,96.97665940288702,0.9,1
1.8571428571428572,0.5054945054945055,3.452759936146706e-05,364,167.84062043356596,0.771978021978022,1
1.4814814814814814,0.4962962962962963,0.0001955636742647983,1080,367.1076477383248,0.787962962962963,1
1,0,4.74280211009163e-05,500,226.12489168102786,0.798,1
1.0333333333333334,0.36236559139784946,0.00021129760586180454,930,277.7878425849301,0.8473118279569892,0
1.6923076923076923,0.7377622377622378,2.7128828069724124e-05,283,113.97665940288702,0.6784452296819788,1
1.4642857142857142,0.5662020905923345,0.00020787694264443374,1148,420.3919189857867,0.7378048780487805,1
1,0.37,0.00020448155405981084,900,268.4802307403552,0.8311111111111111,0
1.0689655172413792,0.26140155728587317,8.52755819394475e-05,899,222.19595949289334,0.882091212458287,0
1.9166666666666667,0.6376811594202898,2.6180267647705797e-05,276,137.0477272147525,0.7065217391304348,1
1.9333333333333333,0.5310344827586206,4.126237835779718e-05,435,177.18986283848344,0.774712643678161,1
1,0.21604938271604937,0.00021403035003210455,1296,372.1431816442575,0.9020061728395061,0
1.0833333333333333,0.39886039886039887,0.0002542327765442378,1404,429.8355697996826,0.8247863247863247,1
2.3333333333333335,0.2857142857142857,3.4680843755202125e-06,21,14.828427124746192,0.8571428571428571,0
2.142857142857143,0.5642857142857143,3.983953772476969e-05,420,183.1543289325507,0.780952380952381,1
1,0.2152777777777778,0.00021403035003210455,1296,349.9360748630709,0.908179012345679,0
2,0.5642857142857143,3.983953772476969e-05,419,170.84671708797583,0.7279236276849642,1
1.5,0.4970414201183432,0.00016745893127511884,991,278.49747468305833,0.7436932391523713,1
1.1428571428571428,0.25,9.248225001387234e-06,56,35.65685424949238,0.8928571428571429,0
1.3333333333333333,1,1.1382725064219912e-06,12,8.82842712474619,0.8333333333333334,1
1.0689655172413792,0.26028921023359286,8.52755819394475e-05,899,220.95331880577402,0.8876529477196885,0
2,0.6503496503496503,2.7128828069724124e-05,269,139.62741699796953,0.6802973977695167,1
2.4166666666666665,0.5689655172413793,3.3009902686237745e-05,346,144.49137802864846,0.7427745664739884,1
2,0.4380165289256198,2.295516221284349e-05,242,89.38477631085024,0.768595041322314,1
3.8,0.3263157894736842,2.1584164039646703e-05,92,47.10660171779821,0.8695652173913043,0
1,0.37,0.00020448155405981084,900,266.5685424949238,0.8344444444444444,0
1.5185185185185186,0.5167118337850045,0.000246249204194645,1107,378.2436867076458,0.7904245709123758,1
1.5384615384615385,0.19230769230769232,5.9072448950612024e-05,260,88.97056274847714,0.9153846153846154,0
1,0.2688888888888889,8.537043798164934e-05,900,237.95331880577402,0.8788888888888889,0
1.5384615384615385,0.5923076923076923,0.0001717527500257629,1034,379.9360748630709,0.7195357833655706,1
2.4444444444444446,0.2474747474747475,4.498594189315839e-05,198,77.7634559672906,0.8787878787878788,0
1.9166666666666667,0.5144927536231884,2.6180267647705797e-05,276,117.35533905932738,0.7427536231884058,1
1.6428571428571428,0.5559006211180124,3.05436455889901e-05,320,148.0477272147525,0.746875,1
2.2,0.2318181818181818,4.99843798812871e-05,220,93.76345596729058,0.9045454545454545,0
1.125,1,1.601620840290374e-05,71,23.44974746830583,0.49295774647887325,1
2,0.4691358024691358,3.8416697091742206e-05,404,172.39696961967,0.7896039603960396,1
1.0285714285714285,0.21984126984126984,0.00020808506253121276,1260,370.38582233137674,0.9015873015873016,0
1.0,0.26666666666666666,8.252475671559436e-05,870,229.5035713374682,0.8873563218390804,0
1,0.21682098765432098,0.00021403035003210455,1296,359.97160876900364,0.9143518518518519,0
1.125,1,1.1890575001783586e-05,71,16.414213562373096,0.38028169014084506,1
1.4074074074074074,0.35477582846003897,0.0001694406937754161,1024,280.53910524340097,0.85546875,1
1,0.267538644470868,7.977393149174121e-05,841,206.57463914933368,0.8810939357907254,0
2,0.4970414201183432,0.00022556160167422766,1013,330.7045814642449,0.7936821322803553,1
1.4516129032258065,0.03225806451612903,0.000230379890659557,1395,190.5624458405139,0.9878136200716846,0
1.0285714285714285,0.21746031746031746,0.00020808506253121276,1260,338.072113832392,0.9119047619047619,0
1.1071428571428572,0.6117511520737328,0.00015717524931652306,854,298.49747468305833,0.6826697892271663,1
1.7272727272727273,0.2679425837320574,4.7485160887222744e-05,207,93.79898987322333,0.8502415458937198,1
1.8,0.5641025641025641,2.9595085166971772e-05,312,145.91168824543144,0.7852564102564102,1
1.0285714285714285,0.22301587301587303,0.00020808506253121276,1260,352.86500705120545,0.9007936507936508,0
1,0.21604938271604937,0.00021403035003210455,1296,337.5868324581534,0.9135802469135802,0
1.1,0.260,8.52755819394475e-05,899,218.26093065034894,0.9,0
1,0.234375,1.056940000158541e-05,64,39.72792206135786,0.875,0
1.3928571428571428,0.6291208791208791,0.0001977366039788516,1080,374.1431816442575,0.7046296296296296,1
2.000,0.5578512396694215,2.295516221284349e-05,209,84.24873734152916,0.7368421052631579,1
2.6,0.5384615384615384,9.661092188949164e-05,583,192.976659402887,0.6792452830188679,1
1.0285714285714285,0.21984126984126984,0.00020808506253121276,1260,356.41525958289964,0.9063492063492063,0
1.1176470588235294,0.13622291021671826,7.338615773479878e-05,323,93.97056274847715,0.9535603715170279,0
2.3333333333333335,0.4107142857142857,3.1871630179815754e-05,336,141.69848480983498,0.8363095238095238,1
3.2857142857142856,0.30434782608695654,3.657947800403283e-05,160,76.00609665440987,0.88125,0
1.4285714285714286,0.5491071428571429,0.0001849645000277447,1120,395.7645019878171,0.7642857142857142,1
1,0.21604938271604937,0.00021403035003210455,1296,347.2436867076458,0.8996913580246914,0
1.8333333333333333,0.6287878787878788,2.5041995141283806e-05,264,97.73401871576773,0.6515151515151515,1
1.4285714285714286,0.5035714285714286,0.0001849645000277447,1120,365.27922061357856,0.7633928571428571,1
1.105263157894737,0.2932330827067669,3.784756083853121e-05,399,134.5269119345812,0.8721804511278195,1
1,0.21604938271604937,0.00021403035003210455,1296,355.4863273947651,0.9050925925925926,0
1.9333333333333333,0.5287356321839081,4.126237835779718e-05,435,177.43250352560273,0.7724137931034483,1
1.4642857142857142,0.4764808362369338,0.0001895886125284383,1148,384.9066376115481,0.774390243902439,1
1.0344827586206897,0.26666666666666666,8.252475671559436e-05,870,223.43250352560273,0.8942528735632184,0
1.5185185185185186,0.4832881662149955,0.00018281759065242264,1107,385.22034611053283,0.7841011743450768,1
1.5,1,2.2765450128439823e-06,22,11.449747468305834,0.6363636363636364,1
2.6,0.42905982905982903,0.00010593032356009907,584,180.2193000900063,0.7756849315068494,1
3,0,0.00013346840335753116,600,192.07716446627535,0.7883333333333333,1
1,0.234375,1.056940000158541e-05,64,41.071067811865476,0.875,0
1.0,0.26091954022988506,8.252475671559436e-05,870,213.0893577750951,0.871264367816092,0
2.857142857142857,0.44285714285714284,9.248225001387234e-05,559,196.35533905932738,0.7924865831842576,1
1,0.2699167657550535,7.977393149174121e-05,841,212.6040764008570,0.8692033293697978,0
1,0.19444444444444445,5.945287500891793e-06,35,22.242640687119284,0.9714285714285714,0
4,0.375,2.6423500003963523e-06,15,12.414213562373096,0.8,0
1.0285714285714285,0.22063492063492063,0.00020808506253121276,1260,349.5868324581534,0.8960317460317461,0
1,0.234375,1.056940000158541e-05,64,42.69238815542512,0.890625,0
3.8333,0.15217391304347827,1.3090133823852898e-05,136,65.9350288425444,0.9191,0
1.3333333333333333,0.17666666666666667,6.816051801993695e-05,300,97.04163056034261,0.9266666666666666,0
2,0.4297520661157025,2.295516221284349e-05,233,77.79898987322332,0.8369098712446352,1
2.1538461538461537,0.37637362637362637,3.452759936146706e-05,364,133.07716446627535,0.8406593406593407,1
1,0.234375,1.056940000158541e-05,64,36.071067811865476,0.890625,0
1.15,0.3239130434782609,4.3633779412842996e-05,460,181.94722215136414,0.8543478260869565,1
1,0.2175925925925926,0.00021403035003210455,1296,352.9655121145938,0.9020061728395061,0
1.9166666666666667,0.6195652173913043,2.6180267647705797e-05,276,115.84062043356593,0.7101449275362319,1
2.8333333333333335,0.044662309368191724,0.00015160483127274073,918,177.18376618407356,0.9793028322440087,0
1.6153846153846154,0.32234432234432236,6.202607139814263e-05,273,98.80508652763321,0.8608058608058609,1
1.3793103448275863,0.41810344827586204,0.00019157037502873556,1148,323.7523086789974,0.7961672473867596,1
3.923076923076923,0.4494720965309201,0.00014748258571007194,663,256.675144212722,0.8672699849170438,1
1.0625,0.17279411764705882,6.17988696714095e-05,271,89.5918830920368,0.933579335793358,0
1.1470588235294117,0.4034690799396682,0.00024010873340289123,1325,412.3147545195113,0.8241509433962264,1
1.0285714285714285,0.22063492063492063,0.00020808506253121276,1260,367.6579002700189,0.8960317460317461,0
2.3333333333333335,0.43154761904761907,3.1871630179815754e-05,334,138.59188309203677,0.7215568862275449,1
1.5384615384615385,0.25769230769230766,5.9072448950612024e-05,259,86.49137802864844,0.9073359073359073,1
1.0344827586206897,0.26666666666666666,8.252475671559436e-05,870,213.4030662740799,0.8942528735632184,0
1,0.21373456790123457,0.00021403035003210455,1296,390.76450198781714,0.9058641975308642,0
2,0.23,4.5440345346624634e-05,198,77.17766952966369,0.9141414141414141,0
3.5,0.35714285714285715,2.3120562503468085e-06,14,13.207106781186548,0.9285714285714286,0